hour	ud0699	ud1163	ud0698	ud0776	ud0974	ud0751	ud0734	ud1100	ud0621	ud1132	ud0963	ud1146	ud0464	ud0762	ud0683	ud0938	ud1067	ud1117	ud0931	ud0526	ud0567	ud1188	ud0777	ud0782	ud0452	ud0628	ud0732	ud0533	ud0911	ud0512	ud1169	ud0898	ud0709	ud1171	ud0611	ud0720	ud0534	ud0761	ud1151	ud1187	ud0998	ud0859	ud0988	ud1152	ud1033	ud1082	ud1062	ud0913	ud0564	ud1048	ud0652	ud0916	ud0520	ud0559	ud0964	ud0802	ud0901	ud0494	ud1147	ud0639	ud0957	ud0733	ud0629	ud1110	ud0632	ud0518	ud1058	ud0748	ud1145	ud0368	ud0771	ud1186	ud0798	ud0829	ud0976	ud0991	ud0608	ud1045	ud0910	ud0634	ud0970	ud1194	ud0552	ud0435	ud0904	ud0622	ud0541	ud0788	ud0841	ud0479	ud1069	ud1071	ud0565	ud1120	ud1020	ud0646	ud1135	ud1209	ud0688	ud0449	ud0912	ud0834	ud0680	ud1023	ud0599	ud0615	ud0868	ud1127	ud0484	ud1157	ud0704	ud0813	ud0661	ud0844	ud0908	ud1198	ud0605	ud1027	ud0763	ud0447	ud0532	ud0747	ud0774	ud1046	ud1136	ud0539	ud0897	ud0517	ud0906	ud0015	ud1068	ud0924	ud0460	ud0679	ud0470	ud1149	ud0574	ud1101	ud0442	ud0852	ud1165	ud1097	ud0903	ud1164	ud0604	ud0917	ud0686	ud0584	ud1128	ud1052	ud1075	ud0967	ud0577	ud0851	ud1102	ud0161	ud0862	ud1019	ud0740	ud0569	ud0530	ud0237	ud0676	ud0239	ud1026	ud0959	ud1008	ud1106	ud0935	ud1070	ud1177	ud1096	ud0602	ud0497	ud0571	ud0585	ud1024	ud0108	ud0742	ud0444	ud0455	ud0130	ud1051	ud1158	ud1012	ud1161	ud0657	ud0888	ud0811	ud0839	ud0580	ud0065	ud0678	ud0738	ud1107	ud0687	ud0544	ud0928	ud1014	ud0477	ud0854	ud0966	ud0707	ud0562	ud1180	ud1138	ud0454	ud0943	ud0905	ud0684	ud1104	ud1074	ud0933	ud0961	ud1021	ud0979	ud1119	ud0457	ud0649	ud0612	ud0535	ud0838	ud0907	ud0563	ud0954	ud0893	ud0818	ud0941	ud0485	ud0805	ud0810	ud0785	ud0546	ud0519	ud0603	ud0488	ud0501	ud0670	ud0760	ud0990	ud0315	ud0366	ud0531	ud1087	ud0808	ud1043	ud0609	ud0902	ud0942	ud0467	ud0498	ud1193	ud0667	ud1201	ud0717	ud0589	ud0588	ud0548	ud0514	ud0515	ud0822	ud0787	ud0937	ud0993	ud0875	ud1063	ud0812	ud0662	ud0950	ud0946	ud0982	ud0556	ud0468	ud0597	ud0795	ud0542	ud0909	ud1174	ud0706	ud1116	ud0819	ud0756	ud0803	ud1039	ud1184	ud0480	ud1066	ud0824	ud0610	ud0656	ud0700	ud0804	ud0955	ud0578	ud1140	ud0865	ud0566	ud1005	ud0768	ud1123	ud0554	ud0739	ud0830	ud0644	ud0489	ud0478	ud1148	ud0550	ud0867	ud0614	ud0932	ud0764	ud0914	ud0575	ud0820	ud0874	ud1181	ud0672	ud0945	ud0675	ud1191	ud0719	ud0769	ud0178	ud0971	ud0579	ud0332	ud0882	ud0727	ud0428	ud0848	ud1037	ud1109	ud1129	ud0601	ud0523	ud0499	ud0476	ud0453	ud0110	ud0845	ud0766	ud1167	ud0509	ud0463	ud1038	ud0689	ud0712	ud0242	ud0549	ud0952	ud0651	ud1208	ud1095	ud1113	ud0472	ud0767	ud0659	ud1156	ud0439	ud0692	ud0231	ud0791	ud0642	ud0673	ud0842	ud0511	ud0664	ud1035	ud0654	ud1083	ud0925	ud1206	ud0369	ud0648	ud0864	ud0840	ud0956	ud0835	ud0097	ud0876	ud1016	ud1007	ud0619	ud1108	ud1153	ud0713	ud0877	ud0696	ud1144	ud0899	ud0930	ud0300	ud0451	ud0441	ud0781	ud0495	ud1112	ud0758	ud0194	ud1207	ud0466	ud0623	ud0989	ud0846	ud0496	ud1053	ud1047	ud0598	ud1006	ud1086	ud0869	ud0529	ud0671	ud0984	ud0089	ud0694	ud1084	ud0640	ud1125	ud1154	ud0843	ud0516	ud0892	ud0870	ud0331	ud0039	ud0586	ud0302	ud0881	ud1134	ud0968	ud0889	ud0625	ud0540	ud0743	ud1036	ud0715	ud1060	ud1168	ud0806	ud0446	ud1042	ud0723	ud0140	ud0737	ud0872	ud0953	ud0827	ud0440	ud0755	ud0663	ud0490	ud1155	ud0557	ud0555	ud0779	ud0637	ud1028	ud0847	ud0896	ud0920	ud0590	ud0595	ud0718	ud1160	ud1133	ud0773	ud1056	ud0592	ud0263	ud0362	ud0079	ud0185	ud0333	ud0317	ud0423	ud0076	ud0029	ud0229	ud0126	ud0241	ud0061	ud0223	ud0136	ud0025	ud0330	ud0118	ud0051	ud0063	ud0166	ud0060	ud0346	ud0122	ud0372	ud0335	ud0224	ud0373	ud0187	ud0142	ud0429	ud0172	ud0090	ud0035	ud0125	ud0287	ud0189	ud0078	ud0165	ud0042	ud0226	ud0295	ud0021	ud0383	ud0041	ud0192	ud0345	ud0225	ud0096	ud0278	ud0014	ud0318	ud0148	ud0056	ud0246	ud0175	ud0036	ud0380	ud0129	ud0432	ud0310	ud0030	ud0306	ud0139	ud0040	ud0353	ud0402	ud0299	ud0197	ud0143	ud0371	ud0183	ud0004	ud0054	ud0064	ud0401	ud0240	ud0397	ud0099	ud0408	ud0284	ud0154	ud0135	ud0000	ud0271	ud0324	ud0182	ud0361	ud0132	ud0048	ud0050	ud0200	ud0158	ud0357	ud0084	ud0176	ud0314	ud0010	ud0049	ud0311	ud0340	ud0375	ud0407	ud0144	ud0177	ud0083	ud0002	ud0008	ud0304	ud0245	ud0301	ud0009	ud0111	ud0047	ud0276	ud0070	ud0171	ud0277	ud0112	ud0082	ud0399	ud0046	ud0206	ud0308	ud0214	ud0043	ud0261	ud0343	ud0326	ud0275	ud0013	ud0272	ud0198	ud0232	ud0279	ud0028	ud0289	ud0292	ud0068	ud0235	ud0151	ud0077	ud0101	ud0104	ud0424	ud0032	ud0026	ud0238	ud0236	ud0356	ud0270	ud0147	ud0006	ud0052	ud0250	ud0234	ud0019	ud0322	ud0266	ud0094	ud0249	ud0044	ud0011	ud0053	ud0137	ud0121	ud0370	ud0020	ud0152	ud0349	ud0386	ud0382	ud0339	ud0410	ud0170	ud0191	ud0376	ud0017	ud0075	ud0258	ud0103	ud0196	ud0393	ud0073	ud0307	ud0203	ud0411	ud0358	ud0012	ud0294	ud0414	ud0098	ud0087	ud0067	ud0269	ud0313	ud0384	ud0199	ud0434	ud0355	ud0033	ud0305	ud0211	ud0145	ud0113	ud0204	ud0377	ud0259	ud0023	ud0228	ud0059	ud0120	ud0195	ud0219	ud0244	ud0378	ud0395	ud0406
2018-12-17 00:00:00	19	115	62	152	63.0	6.0	81.0	108	32	1.0	58	1.0	100	59	3.0	43	136	14.0	20.0	33	70.0	18.0	34	37	96	55.0	156	12.0	136.0	29.0	56	18.0	117	17	57	1.0	11	3.0	2.0	68	90	46	32	14	16.0	14.0	117.0	11	94	16.0	107.0	28		13.0	5	276	57	151	18.0	53.0	41	49.0	67	1.0	162.0	1.0	106	66	7.0	4.0	26	50	40	41	105	13.0	71	21	24	29	10.0	80	43.0	5.0		127.0		98	20	77	8	96	91	4	45	69	101	4	49	144	37	105.0	31.0	1	73	7.0	79	2.0	9.0	25	108.0	11.0	50.0	2.0	65.0	60.0	26	3.0	86	46.0	64	114	74	14.0	1.0	79	12.0	84	1	15	40	45	162	107		149	7	72	80.0	1.0	5.0	139	50		12.0	36	19	236	9.0	5.0	29.0	96	14.0	39	172.0	2.0		4	25	60	89	98	38	66	15.0	19	247	1.0	32.0	8.0		34	61	19	75	40.0	5	43.0		33	118	54	139	29.0	10	59	31	60	77	4	24	286.0	45	45			109	53	13.0	69	43	13.0		88	56	3	111.0	16.0	79.0	47.0	167	21.0	37	106	16.0		39	72	3	178	8	12.0	3.0	89	56	7.0	16	42.0	38	39	6	18		10.0	21	88.0	8.0	92	14.0	17.0	38.0	26	22	12.0	4.0	77	40.0	2.0	71	66	19	2.0		6.0	89	118	4	60	14.0	156.0	80.0	16	17.0	26.0	26.0	3.0	1.0	45	29	17.0	147	126	52	35	28	13	61.0	84	79	6.0	5.0	126	77.0	58.0		119.0	23	84	2	120.0	85	113	63	13.0	39.0	1.0	154	22	15.0		75	84	56	19	19	46	114	82	38.0	3	25.0	128	56	24	91	17.0	3.0	1.0	39	234.0		4.0	50	28	7.0	9.0	58	18.0	238.0	189	11		42	9.0	11.0	29	55.0	62	22	117	25		5.0	93	97	2.0	48	34.0	1.0	17.0	4	15.0	2.0	7.0	162	28.0	180	32	33.0	93.0	47	172	129	47	188.0	53	172	78.0		8.0	66	84		64.0	62	108	75	30	116	24.0	33	118	231	2.0	1.0	25	5.0		48		12.0	26	140.0	93	30.0		43	85	2.0	90.0		71	148.0	1.0	56	77		78.0	88	78			281	37.0	1.0	6.0	10.0	13.0	59	40.0	5	5	32.0	47.0	57		84	30.0	2.0	121		20.0	16.0		21.0	89.0	54.0	32.0	14.0		39		19	79	106	17	71.0	21.0	185	21.0		16	90	147	17.0	103.0	80.0	8.0	6.0	194.0	70	63	68	1.0	60	91	64	72	43	73.0	58	27	129.0	24	1.0	100.0			21	69	57.0	180	12.0	15.0	109	158.0	14	27	1.0	155.0	55	49	75	116	8.0	2	55.0	30.0		9.0	65.0		13.0	54	40.0	189	73	7	180	78	95	5.0	65.0	31	37	20	3	44	157	32.0	30	2.0	39	121	235	11	99	95.0	44		37		24	18	146	74	9.0	14	32	46	2.0	19	110.0	182.0	6.0		37.0	8.0	148.0		64	45.0	54.0	134	97	63	30	112.0	52	39	31	145	45	51.0	25	31	3.0	51.0	5.0	33.0	114		13.0	35.0	64.0	78	109.0	35	7.0	6	82	134		18	75	28.0	39.0	88	65	46		153	70	9.0	101.0	23.0	97		55	154	86.0	3	87	111	78	145	39	14.0	1.0	27	41.0		24.0	36.0		14	144	21	100.0	260.0	31.0	173.0	38	197	168	24	112	27	96	174	2.0	25.0	115	106	119	60.0	2.0	53	14.0	7.0	115.0	2.0	7	7.0		26.0	55.0	84	59.0	39	261	28.0	51	39	7.0	6.0	20	2.0	131	18.0	6.0	8.0	9.0	29	18	86	1.0	23.0	53.0		103	7.0		15.0	28	3.0	10.0	38	31	84	16	59	104	50	8.0	13.0		20.0
2018-12-17 01:00:00	10	78	37	118	11.0	2.0	24.0	168	14		11		103	40	1.0	45	108	10.0	5.0	11	42.0	8.0	7	63	63	20.0	171	9.0	44.0	4.0	37	1.0	62	24	36		6	1.0		34	40	37	26	22	9.0	24.0	112.0	1	54	7.0	93.0	8	2.0	6.0	11	81	24	126	5.0	18.0	24	20.0	19		45.0		79	81	5.0	1.0	3	49	11	20	91	5.0	10	28	18	24	13.0	45	9.0		2.0	24.0	1.0	81	30	16	5	89	77	6	15	29	71	4	28	162	24	54.0	5.0	4	22	1.0	18	2.0	4.0	10	47.0	2.0	16.0	1.0	29.0	35.0	9	3.0	69	11.0	90	55	24	10.0		61	1.0	49	2	8	23	19	116	45	1.0	56	17	15	65.0		1.0	70	37		22.0	34	10	228	6.0	7.0	35.0	80	2.0	32	60.0	4.0		4	12	12	43	103	13	32		11	261		2.0	17.0		18	43	9	27	25.0	16	10.0		12	60	34	76	8.0	9	22	5	37	47	2	9	111.0	4	30			92	22	2.0	57	19	22.0		58	38	1	62.0	4.0	43.0	12.0	66	15.0	11	74	13.0		23	35	3	109	7			36	6		7	19.0	22	44	1	17			11	15.0		56	4.0	3.0	7.0	15	22	2.0		59	13.0	1.0	65	104	11	2.0		2.0	35	113	8	74	3.0	92.0	27.0	9	11.0	8.0	7.0	16.0		21	18	13.0	69	83	48	13	12	4	33.0	17	55	3.0	1.0	99	23.0	10.0		33.0	11	27	8	54.0	46	30	46	11.0	12.0		182	20	11.0		26	16	31	9	4	23	69	42	93.0	4	15.0	64	54	12	54		1.0		23	89.0	1.0	1.0	36	14	7.0	3.0	13	16.0	109.0	183	7	7.0	39	1.0		9	10.0	23	13	72	15	1.0	4.0	58	47		5	7.0		5.0	2	7.0	1.0	2.0	73	10.0	100	31	27.0	51.0	54	99	94	22	28.0	23	188	68.0		2.0	40	37		18.0	44	49	58	7	60	16.0	26	102	150			23	13.0		30			19	88.0	63	18.0		16	49		11.0		77	63.0		21	23		27.0	82	52		2.0	173			4.0	3.0	14.0	22	10.0	1	8	13.0	12.0	31	2.0	95	10.0	6.0	70	2.0	7.0	5.0		4.0	23.0	34.0	17.0	2.0		21		16	57	87	14	17.0	14.0	182	8.0		12	33	103	9.0	36.0	22.0	6.0	3.0	116.0	51	23	22	1.0	35	62	127	50	31	54.0	25	24	66.0	22	3.0	65.0			14	24	56.0	153	2.0		72	164.0	10	19	1.0	52.0	38	28	36	91	8.0	6	43.0	17.0	1.0		5.0			45	23.0	129	34	6	177	35	99		27.0	8	6	10	3	38	108	39.0	8	1.0	27	112	170	1	99	28.0	27		17	2.0	25	12	55	69		7	17	26	3.0	22	58.0	122.0	4.0		16.0	2.0	112.0		55	13.0	12.0	107	102	83	10	167.0	71	39	13	131	12	47.0	6	50		13.0		15.0	112	2.0	6.0	3.0	8.0	38	56.0	6		2	100	135	2.0	19	14	4.0	32.0	103	18	43		97	44	5.0	18.0	9.0	134	1.0	33	85	40.0	5	43	38	107	115	13	1.0		9	8.0		11.0	7.0		25	95	14	12.0	190.0	10.0	49.0	47	132	168	27	70	16	22	116	1.0	8.0	76	64	67	29.0	7.0	46	14.0	3.0	71.0	1.0	25	2.0		7.0	17.0	72	22.0	14	182	1.0	50	15	5.0		21		48	1.0	2.0	1.0	12.0	20	12	32		2.0	38.0	2.0	41			6.0	23	1.0	2.0	17	18	36	13	26	81	22	5.0	8.0		6.0
2018-12-17 02:00:00	11	36	9	78	5.0	1.0	2.0	97	6		6		68	35	1.0	39	128	6.0		3	14.0	4.0	6	59	40	3.0	140		10.0		44	1.0	16	15	19		2	2.0		13	13	29	26	22		7.0	39.0	1	20	4.0	85.0	3	2.0	2.0	2	36	21	66	7.0	15.0	6	6.0	8		16.0		35	54	3.0		6	27	1	6	48		1	16	7	7	1.0	20		1.0	1.0	11.0		50	20	15	4	57	57	1	14	5	43	2	23	134	16	24.0	2.0	7	14		7	3.0		13	9.0		7.0		11.0	23.0	2		42	2.0	50	17	13	5.0		28	4.0	27	12	5	11	14	56	20		14	5	13	44.0		4.0	53	43		1.0	33	9	208	3.0	4.0	19.0	39	3.0	5	39.0	2.0		5	2	7	18	70	9	55		2	216			14.0		9	37	4	5	13.0	13	1.0		14	54	10	41	7.0	5	20	4	24	15	1	2	30.0	5	16			77	11	8.0	11	14	12.0		26	41	2	27.0	8.0	42.0	5.0	36	13.0	1	55	15.0		16	11	12	74	12			29	4		4	6.0	10	33	5	12			12	2.0	4.0	66		5.0	1.0	8	9			16	3.0		55	129	13				14	81	2	89	4.0	30.0	12.0	4	6.0		3.0	4.0		8	10	5.0	23	32	47	18	4	7	10.0	16	38		2.0	97	4.0	8.0		2.0	23	23	13	23.0	57	25	17	3.0	2.0		108	8	8.0		13	7	12	1	1	27	14	15	3.0	5	4.0	44	39	3	27		5.0	1.0	15	12.0			1	2	1.0	3.0	44	3.0	70.0	144	14	16.0	27	6.0		23	16.0	4	35	37	11		4.0	19	31	1.0	5	5.0		1.0	2	10.0	1.0	4.0	66	1.0	46	20	17.0	13.0	61	43	51	15	2.0	2	105	19.0			26	5		16.0	34	14	32	1	23	11.0	12	47	62			11	6.0		14			4	49.0	76	6.0		9	26		1.0	2.0	89	22.0	1.0	8	8		8.0	52	10	5.0		22	1.0				9.0	2		1	12	2.0	10.0	3		62	23.0	1.0	19		2.0		1.0		34.0	12.0	14.0		1.0	16		6	25	61	10	3.0	16.0	116	2.0		16	24	77	5.0	13.0	6.0	5.0	1.0	84.0	33	7	14		68	39	97	18	24	14.0	11	55	31.0	12	3.0	13.0			6	15	5.0	122	1.0		75	164.0	7	20		10.0	31	45	1	57	4.0	3	35.0	7.0			16.0		8.0	38		95	20	10	137	22	105	8.0	9.0	16	5	20	4	33	34	78.0	6		16	72	48	2	84	6.0	11		5	2.0	48	3	49	33		11	1	23		26	25.0	66.0			7.0	1.0	28.0		52	11.0	6.0	89	106	48	7	106.0	67	48	7	57	5	3.0	2	69		1.0		5.0	89		2.0			31	24.0	4	3.0	3	43	128	6.0	8	1		10.0	52	3	32		65	16	1.0	4.0	4.0	135		8	11	23.0	1	29	18	41	61	7		3.0	7	1.0		7.0	3.0		3	58	22		161.0	3.0	18.0	27	82	127	26	31	9	3	45	2.0	1.0	106	49	43		3.0	9	4.0	1.0	25.0		41	1.0			31.0	31	4.0	3	93		45	3			9	2.0	31	4.0		1.0	1.0	12	22	21		1.0	21.0		22	2.0		7.0	8			21	22	11	13	17	83	21	3.0	4.0		7.0
2018-12-17 03:00:00	5	20	5	70		1.0		166	3		2		75	4		14	93	3.0	2.0	6	1.0	1.0	2	49	4		32	4.0	2.0		40		24	19	35		1			6	17	46	27	8	2.0	2.0	10.0	1	6	6.0	21.0	11		2.0	1	31	9	39		3.0	3	1.0	12			2.0	23	56	1.0	1.0	6	10	2	6	10		1	21	20	4		14		7.0			3.0	20	24	5	3	40	39	3	9	5	15	3	19	69	15	8.0		12	17		3	2.0		2	2.0	40.0	1.0		4.0	3.0	2	1.0	34		24	1	7	2.0		14	1.0	28	85	8	9	8	50	11		8	1	7	85.0			31	66			30	4	153	7.0		20.0	27	2.0	7	8.0	2.0		3	7	5	7	36	8	13		6	59		2.0	9.0		10	1	2	2	2.0	3			8	34	1	33	2.0	5	9	2	18	4	2	3		2	15			29	1	5.0	10	6			12	11	6	8.0	5.0	22.0	1.0	10	7.0	2	24			9	4	14	32	7			10	2		8	3.0	18	55	14	2			5	1.0	1.0	55		1.0		3	21			14			53	131	7				4	60	1	73	2.0	7.0	5.0	4	4.0		1.0			6	10	3.0	14	9	15	1	12	6	6.0	4	17			32	1.0		1.0	1.0	33	13	4	7.0	19	23	3				116	3			12	22	3	9	1	19	7	16		3	2.0	46	36	1	29		2.0		11	4.0		2.0	18	3			32	2.0	50.0	60	9	1.0	11	3.0		21	1.0	15	6	24	35			17	22	1.0	1				27				36	2.0	11	17	12.0	1.0	50	41	83	8	1.0	2	46	5.0		1.0	32	8			11	10	19	2	9	8.0	9	42	32	1.0		7	2.0		4			4	3.0	56	1.0		1	14				35	1.0		3	4		7.0	51	15	6.0		16				6.0	10.0	2		11	22	3.0	7.0	32		76		10.0	11	1.0				1.0		9.0		4.0		9		11	15	70	1		6.0	107	6.0		24	9	39		1.0			5.0	40.0	22	7	18	1.0	24	29	49	1	55	5.0	1	26	17.0	11	1.0				10	30	1.0	101			94	147.0	8	17		6.0	26	61	10	79	1.0	2		5.0		1.0			2.0	58		51	11	13	57	13	70	15.0		4	6	7	5	13	5	10.0	14	1.0	6	43	20	1	55	4.0	5		1		8	8	26	20	1.0	7	19	19		15	21.0	41.0			2.0				37			95	52	76	10	63.0	52	11	14	41	7		3	43			1.0		17	3.0	1.0		5.0	14	3.0	1	2.0	1	14	137	7.0	2	4		1.0	17	2	8		51	9	4.0		1.0	77	2.0	8	2	5.0	4	20	8	32	50	14		9.0	3	3.0		3.0			2	35	22	2.0	60.0	2.0		9	57	139	19	17	8	2	27	2.0		42	27	12		11.0	7	9.0		2.0		29	2.0			20.0	25	1.0	4	23	2.0	28	5			5	1.0	7		2.0			5	14	1	1.0	1.0	20.0		17				6	2.0		10	5	3	16	10	58	4				
2018-12-17 04:00:00	1	14	2	21				77	6		1		95	2	8.0	14	79		2.0	17			2	45	5		21	2.0			39		1	6	20	1.0	6	1.0		2	8	58	27	17	1.0	3.0	2.0	1	4	2.0	3.0	12			4	29	10	9		4.0	5		7				25	92	4.0		3	3	2	4	2	2.0	2	32	23	4		8	1.0	1.0	1.0	11.0	2.0	13	21	10	1	31	16	1	15	3	9	19	7	67	24	2.0	1.0	11	8	5.0	5			4	3.0	15.0	2.0		5.0		5	1.0	11	1.0	4	2	6	3.0	1.0	1		13	100	2	6	1	52	19		8	2	6	64.0			10	69		2.0	24	6	173	2.0	2.0	3.0	17		4				3	8	5	2	36	4	13		10	2		3.0	5.0		2	7	21	2		5			2	41	1	2		52	8	2	11	10	17	12		1	6			7	2	1.0	7	6			3	6	5		1.0	4.0		8		6	20			1	1	10	19	1			5	1		2		11	39	11	4	5.0	4.0	3			53		4.0		4	28			5	2.0	1.0	33	144	59				4	38	5	88	2.0		4.0	2				1.0		3	2	1.0	6	3	18	3	28	35	6.0	9	5	1.0		18			3.0		40	6	3	4.0	14	11	2				38	7	4.0	1.0	5	10	2	3	1	20	2	13		13		25	14	1	20	1.0	2.0	8.0	8				7	3			52		32.0	26	44	22.0	8	4.0		25		5	3	12	20		2.0	11	5	2.0	4	1.0	1.0	2.0	116	1.0			21		5	22	5.0		60	18	26	5		4	43				35	9			13	7	7	1	11	1.0	5	31	10			57	2.0		1			11	2.0	67			3	9		4.0		42	2.0		1	3			67	1	3.0		1	4.0			13.0		5		10	60			22		47	1.0	21.0	2		1.0		1.0	5.0		6.0			1.0	34		1	9	32	1			115	1.0		11	17	24	1.0			4.0	2.0	5.0	13	49	34	1.0	17	14	13	4	55		1	30		9		67.0			2	12		30			57	138.0	8	10			19	51	1	73	3.0	8		9.0		5.0		4.0	2.0	78		28	2	12	11	10	58	19.0		7	10	11	5	12	5	21.0	13		11	13	10	2	35		7		2		5	5	25	13		6	12	8		10	7.0	18.0	3.0			1.0			29		1.0	56	25	61	12	28.0	36	20	13	11	4	1.0	4	22		3.0	1.0		5		4.0		1.0	11		1	7.0	32	41	102	6.0	8	4			14	6	32		20	7	3.0	1.0		71	3.0	7	7	1.0	17	14	7	34	25	3		204.0	2						41	10	12		24.0			11	17	80	15	6	7	4	18	1.0	1.0	20	13	6	12.0	25.0	3					35		1.0	3.0	19.0	11	3.0	5	20	3.0	9	4			3		14	4.0	1.0			1	8	1	5.0		3.0		5	3.0		5.0	3		4.0	4	7	3	13	4	94	5				
2018-12-17 05:00:00	1	3	25	40	9.0	4.0	4.0	31	9		2		93	8	3.0	14	51	2.0		22		2.0	2	46	3		30	10.0		10.0	61	3.0	6	1	24	21.0	6	9.0		5	7	104	29	7	9.0			2	6	5.0		37	1.0	7.0	6	23	1	12			6	8.0	3	2.0		6.0	29	39		1.0	1	27	27	12	2		7	31	34	11	8.0	22		5.0	67.0	10.0	2.0	12	24	12	1	63	7	7	10	9	5	26	8	32	31		2.0	18	3	3.0	14			2					2.0		3		18	1.0	4	6	2	2.0		29	1.0	26	141	6	1	1	49	6	16.0	9	3	4	114.0	9.0	3.0	8	65		2.0	20	4	120		5.0	2.0	15		32		2.0		6	11	6	6	7	1	22	4.0	16	1		10.0	3.0		3	1	1	3		4	1.0	9.0	2	17	3	11		97	4	4	2	7	13	12		4	21	2.0	1.0	8	1		17	8	2.0		6	9	4	3.0			1.0	4	1.0	3	15		20.0	1	12	29	10	14	1.0	32.0	2	1	3.0	21	2.0	10	9	24	4	15.0	5.0	11	1.0	8.0	22				4	6		1.0	7	5.0		18	76	78				1	20	32	80				2		24.0		4.0		1	3		6	9	7	3	21	138	1.0	30	21		2.0	20	2.0		21.0	1.0	17	15	11		4	7	8	2.0	1.0		1	1	7.0		1	5	3	2	2	12	2	5	1.0	6	3.0	17	20	2	2	1.0		17.0	8	4.0			29	19	2.0		20		6.0	2	70	40.0	3			25		3	19	4	20	8.0	6.0	3	10	6.0	17	1.0	1.0	3.0	141	23.0			24		3	1	1.0	10.0	49	10	4	5	1.0	4	59	4.0		1.0	10	12		3.0	6	8	6	4	9		7	10	16	12.0	2.0	15	1.0		5		1.0	15	1.0	24			3	8		5.0		28			2	1		9.0	62	1	70.0		1	12.0	2.0		75.0		8		10	89	6.0		17	5.0	38			3		6.0	1.0	2.0	8.0	1.0	1.0			1.0	45		3	9	23	14	1.0		64			14	16	18	3.0	2.0	1.0	17.0	1.0		12	29	42	26.0	11	10	41	2	43		2	3		8		15.0		10.0	10	34	5.0	4		6.0	46	21.0	16	8			11	86	1	67		19	1.0	5.0		46.0		1.0	22.0	83	2.0	18	3	7	5	2	36	36.0	7.0	24	4	21	9	16	53	21.0	8		20	3	12	6	9	13.0	8		2		8	9	13	3		10	19	13		5		2.0	2.0		1.0	3.0	2.0		15	1.0	2.0	43	29	31	20		30	8	25	3	8		2	13			2.0		27					11		3	2.0	28	28	54	7.0	18	15			16	2	20		16	16		1.0		52	4.0	5	8		31	8	7	27	23	1		213.0	2			2.0	1.0	1.0	51	8	36		2.0	1.0	3.0	12	9	26	17	6	4	3	17		2.0	13	21	1	11.0	8.0	6					43	1.0	3.0	4.0	2.0	5		6	14		4	4			4	22.0	5	22.0				4	4	2	7.0		2.0		4	2.0	1.0	1.0	1	10.0	120.0	7	9	7	41	3	31	3	1.0	2.0		
2018-12-17 06:00:00	2	8	23	23	1.0	25.0	26.0	49	9		5		91	11	9.0	3	36			20	5.0	9.0	2	59	6		58	32.0	1.0	43.0	59	11.0	2	10	42	58.0	10	11.0		2	15	111	35	10	23.0	2.0		8	18		6.0	76	35.0	39.0	22	5	1	4			13	11.0	5	13.0	3.0	98.0	69	28		4.0	12	84	7	22	3		6	89	58	9	34.0	38	6.0	6.0	177.0	1.0	20.0	11	20	18	3	31	7	5	69	8	5	85	12	33	32		23.0	13	6	10.0	87			4	3.0	50.0	1.0	1.0		4.0	15		12	12.0	13	16	5	3.0		16	3.0	26	141	44	16	1	22	12	145.0	16	12	22	72.0	47.0	1.0	4	68		6.0	19	2	187	3.0	6.0		42	1.0	5		3.0		7	53	32	5	13	6	23	8.0	38	3		23.0	2.0		2	7	9	2		11	6.0	42.0	2	26	2	25		116	14	14	8	7	47	27	7.0	24	24	2.0	131.0	15	302	3.0	20	31			32	9	18	3.0			7.0	10	18.0	19	15		469.0	2	25	94	12	50	14.0	80.0	1	9	188.0	7	13.0	21	20	116	1	15.0	6.0	30		16.0	17	1.0		4.0	4	12	3.0	14.0	7	38.0		29	43	58	1.0			24	9	74	108	10.0			4		20.0		14.0		10	4		5	37	19	11	21	267		20	30		8.0	5	1.0	31.0	49.0	7.0	22	27	26	9.0	5	21	7	2.0	15.0		11	4	33.0		16	16	4	3	6	12	23	1	3.0	13	15.0	17	27	46	1	4.0	6.0	56.0	11	18.0		24.0	107	30	8.0	3.0	193			2	141	212.0	11		13.0	39	25.0	1	16	6	21	13.0	5.0	6	5	23.0	13	3.0	2.0	10.0	189	3.0		1.0	27	2.0	9	13		8.0	44	2	18	2		15	50	3.0		6.0	1	17		12.0	10	3	41	8	30		6	4	24	11.0	17.0	1			1	13.0		38		27		1.0	2	8		6.0	2.0	12	1.0	2.0	8	1	1.0	13.0	40	5	16.0		1	138.0	6.0	1.0	27.0	5.0	16		1	81	12.0		21	39.0	25	14.0	14.0	15		15.0	8.0	8.0	53.0	1.0	1.0	2.0	3.0	12.0	72		5	35	19	15		1.0	45		9.0	41	75	13	5.0	10.0	9.0	31.0	1.0	8.0	12	12	25	196.0	11	19	22	4	35	4.0	2	16	1.0	6		4.0	1.0	84.0	41	729	58.0	5	1.0	57.0	46		4	7	1.0		9	133	1	54	1.0	43	1.0	3.0	2.0	100.0	12.0	5.0	139.0	34	31.0	30	6	15	3	3	41	114.0	14.0	14	36	64	43	10	83	28.0	17	2.0	26	2	13	7	7		8	1.0	9		5	23	22	4		9	25	34	3.0	4	5.0		12.0	2.0	4.0	9.0	8.0		16	9.0	4.0	49	17	49	10		17	12	95	4	16		5	14	2.0	3.0	10.0	3.0	32	2.0	1.0	3.0		229	1.0	12	1.0	34	26	23	51.0	35	40	2.0		19	2	23		8	57		2.0	2.0	73	8.0	3	4	2.0	81	32	2	15	5	3	2.0	162.0	4				12.0	15.0	37	2	97	8.0	3.0		19.0	11	3	29	11	5	7	7	61	1.0	6.0	23	25	3	8.0		3	3.0		3.0	1.0	54	14.0	18.0	15.0		9	1.0	4	68	3.0	5	64			5	90.0	4	20.0		2.0	3.0	6	13	9	7.0	4.0		1.0	2	1.0		9.0	3	28.0	159.0	6	7	2	46	4	13	14	7.0	1.0	16.0	4.0
2018-12-17 07:00:00	5	27	63	52	6.0	230.0	129.0	7	8	1.0	21		90	29	8.0	8	30	6.0	21.0	57	48.0	22.0	9	90	27	2.0	293	42.0	13.0	116.0	69	30.0	3	26	50	105.0	5	8.0	9.0	12	41	100	44	23	27.0	10.0		10	45	3.0	6.0	64	444.0	99.0	80	26	7	6	10.0	5.0	75	14.0	12	28.0	20.0	186.0	58	47		20.0	8	119	6	49	4	10.0	5	159	26	9	34.0	81	13.0	18.0	195.0	34.0	40.0	21	17	44	9	22	1	6	102	17	7	178	23	10	17		90.0	20	6	25.0	42	5.0	4.0	4	10.0	149.0	18.0			6.0	48		20	22.0	29	52	5		1.0	5	5.0	15	81	30	17	5	7	54	265.0	11	72	153	128.0	143.0	23.0	6	74	1.0	23.0	15	5	132	9.0	54.0	1.0	75	10.0	13	9.0	3.0	2.0	31	110	31	37	14	879	76	44.0	84	3		19.0	3.0		15	40	14	19	1.0	65	27.0	68.0	35	23	7	18	13.0	155	33	29	16	10	167	56	15.0	75	14		125.0	38	15	3.0	40	44	4.0		66	2	53	6.0	18.0	2.0	19.0	58	95.0	51	17	2.0	425.0	1	26	274	43	33	64.0	126.0	2	25	39.0	23	44.0	27	58	62	10	24.0	31.0	43	9.0	107.0	36	3.0	18.0	24.0	6	10	9.0	129.0	8	61.0	12.0	56	23	73	1.0			26	23	121	104	81.0	1.0	6.0	2	3.0	26.0	3.0	63.0	1.0	31	4	12.0	6	43	19	7	54	177	6.0	28	49	3.0	38.0	12	3.0	102.0	63.0	14.0	121	37	26	41.0	10	61	17	1.0	39.0		12	19	50.0		27	11	7	72	28	17	69	6	41.0	52	22.0	3	37	43	5	30.0	4.0	168.0	20	41.0	1.0	101.0	203	18	45.0	15.0	106	1.0	4.0	7	108	353.0	21	1.0	84.0	52	21.0	27	27	8	30	9.0	2.0	14	59	49.0	37	23.0	28.0	38.0	167	55.0	2.0	1.0	57	7.0	34	6		23.0	44	11	18	6	6.0	70	91	11.0		20.0	3	58		26.0	12	21	78	87	78	15.0	11	15	30	13.0	57.0	8	1.0	1.0	3	61.0	1.0	112		20		20.0	14	21		69.0	1.0	1	6.0	289.0	31	2	7.0	21.0	62	2	34.0		14	182.0	20.0	12.0	31.0	24.0	55	1.0	5	78	86.0	5.0	77	62.0	17	22.0	61.0	43		14.0	40.0	33.0	74.0	5.0		7.0	7.0	13.0	153		3	32	19	53	2.0	4.0	20	3.0	4.0	74	124	10	12.0	47.0	22.0	52.0	4.0	27.0	15	10	97	251.0	32	11	49	12	42	7.0	13	22	24.0	11	2.0	7.0		343.0	38	43	66.0	19	28.0	152.0	44		3	2		5.0	20	146	11	41	34.0	95			1.0	139.0	67.0	7.0	71.0	142	48.0	90	10	11	4	13	35	202.0	27.0	8	136	76	76	13	20	9.0	38	8.0	49	1	12	56	14	11.0	18	1.0	3		3	45	32	11		8	26	54	6.0	2	25.0		25.0	1.0	12.0	23.0	44.0		72	3.0	8.0	37	24	29	20	6.0	10	10	126	11	36	2.0	13	3	8.0	16.0	116.0	3.0	70	1.0		15.0	6.0	3	5.0	51	10.0	37	27	22	122.0	57	69	41.0	1.0	25	91	47		7	82	3.0	52.0	14.0	52	8.0	8	16	12.0	121	39	17	12	6	3	19.0	349.0	12	89.0	12.0	5.0	51.0	28.0	47	2	156	30.0		8.0	54.0	4	7	38	32	83	9	33	36		49.0	53	16	12	43.0	1.0	24	18.0		3.0	2.0	103	81.0	56.0	41.0	6.0	16	1.0	8	123	28.0	14	350		3.0	12	151.0	21	71.0		2.0	136.0	22	22	12	10.0	22.0	1.0	8.0	4	18.0	8.0	6.0	13	61.0	189.0	14	10	7	65	15	17	35	25.0	8.0	62.0	8.0
2018-12-17 08:00:00	17	20	90	75	37.0	272.0	190.0	100	20	2.0	32		87	23	15.0	25	8	16.0	53.0	109	99.0	53.0	91	210	40	5.0	140	152.0	33.0	154.0	193	104.0	14	30	92	92.0	2	21.0	14.0	72	115	114	82	27	37.0	6.0	27.0	42	66	2.0	17.0	117	430.0	191.0	183	34	22	13	29.0	30.0	156	33.0	31	35.0	34.0	144.0	40	43	2.0	58.0	5	196	7	93	12	72.0	4	83	89	15	65.0	119	31.0	36.0	307.0	34.0	42.0	13	12	71	7	8	20	26	177	51	10	146	48	5	20	6.0	28.0	25	9	38.0	60	2.0	17.0	5	3.0	269.0	64.0		4.0	12.0	47	1.0	27	21.0	24	49	14	3.0		15	4.0	35	60	17	20	4	5	116	242.0	38	115	361	164.0	186.0	30.0	11	139		197.0	29	4	147	29.0	90.0	3.0	102	7.0	40	20.0		10.0	64	121	73	75	60	118	100	48.0	109	10		24.0	4.0		8	38	34	48	2.0	49	54.0	71.0	107	27	5	26	47.0	182	74	40	37	15	270	179	14.0	134	14	4.0	104.0	49	13	25.0	30	30	5.0	52.0	75	21	49	11.0	12.0	4.0	17.0	50	36.0	89	52	4.0	325.0	2	62	200	83	44	66.0	131.0	22	58	39.0	39	102.0	41	64	58	6	5.0	32.0	59	20.0	356.0	64	13.0	33.0	35.0	10	10	48.0	130.0	4	71.0	14.0	79	17	81		1.0		61	22	199	66	127.0	4.0	8.0	5	14.0	25.0	7.0	111.0	7.0	48	9	21.0	16	95	23	30	145	87	22.0	48	72	33.0	96.0	15	14.0	140.0	42.0	17.0	108	49	56	136.0	7	136	25	14.0	51.0		19	7	69.0	3.0	10	10	36	82	32	26	72	32	29.0	76	98.0	11	44	113	5	34.0	16.0	227.0	41	77.0		94.0	244	29	65.0	33.0	171	3.0	18.0	8	119	218.0	14		134.0	48	21.0	62	11	13	56	19.0	4.0	25	44	65.0	40	16.0	28.0	99.0	109	82.0	27.0	3.0	51	12.0	41	23		60.0	31	10	26	10	25.0	29	46	41.0	1.0	56.0	1	145		27.0	20	29	55	78	44	39.0	40	37	45	10.0	122.0	27	8.0	9.0	18	44.0	3.0	127	1.0	23	6.0	43.0	70	42		153.0	6.0	2	19.0	104.0	21	9	6.0	26.0	70	21	50.0		11	151.0	41.0	1.0	32.0	16.0	187	6.0	4	61	132.0	11.0	126	19.0	30	28.0	12.0	91		10.0	119.0	49.0	131.0	164.0	3.0	6.0	9.0	17.0	151		9	18	25	69	3.0	13.0	11	5.0	13.0	71	99	23	42.0	75.0	17.0	112.0	1.0	41.0	20	29	126	249.0	31	21	59	15	32	26.0	18	10	59.0	10	1.0	43.0		366.0	52	37	71.0	41	148.0	177.0	40		4	5		1.0	57	172	21	28	55.0	175	1.0	1.0	2.0	111.0	98.0	5.0	65.0	99	95.0	59	56	23	4	58	28	216.0	57.0	9	183	75	86	8	45		48	28.0	73	20	48	22	25	34.0	26	2.0	17		10	43	47	15	22.0	14	73	90	10.0	1	42.0		21.0		27.0	39.0	100.0		94		14.0	41	33	42	57	2.0	6	23	182	21	31	11.0	31	11	4.0	35.0	111.0	33.0	103	5.0	2.0	101.0	168.0	24	13.0	100	18.0	84	163	4	219.0	40	131	77.0	8.0	27	146	55		8	114	6.0	81.0	19.0	81	1.0	10	26	15.0	197	45	45	19	21	16	195.0	526.0	48	150.0	9.0	6.0	106.0	24.0	89	19	145	9.0	10.0	14.0	59.0	8	22	46	40	127	20	59	43		78.0	103	32	10	101.0		36	66.0	2.0	12.0		115	31.0	61.0	60.0	7.0	25	19.0	7	170	35.0	11	198		3.0	21	230.0	36	81.0	3.0	9.0	187.0	47	31	30	11.0	177.0	1.0	14.0	22	17.0	10.0	6.0	32	91.0	294.0	24	19	68	72	19	47	98	54.0	15.0	44.0	5.0
2018-12-17 09:00:00	36	75	120	73	83.0	177.0	224.0	43	52	7.0	56		115	93	10.0	29	15	6.0	81.0	212	182.0	161.0	71	136	39	23.0	155	193.0	85.0	150.0	290	122.0	103	43	116	43.0	3	21.0	4.0	171	108	102	163	15	54.0	6.0	27.0	109	121		22.0	79	170.0	262.0	208	66	35	22	62.0	88.0	190	46.0	129	47.0	65.0	107.0	90	57	5.0	74.0	19	157	23	180	56	128.0	6	97	66	45	81.0	120	27.0	25.0	205.0	139.0	29.0	22	24	97	13	1	32	81	174	93	29	143	78	34	46	12.0	28.0	18	21	86.0	81	4.0	30.0	25	10.0	87.0	94.0	1.0	28.0	37.0	51	2.0	57	39.0	22	101	14	2.0	4.0	31	12.0	80	62	71	12	6	11	157	192.0	101	120	291	154.0	123.0	61.0	33	245		259.0	64	22	124	28.0	70.0	4.0	121	28.0	88	32.0	7.0		87	160	95	73	53	106	149	118.0	119	12		49.0	1.0		20	85	62	135	6.0	77	122.0	80.0	73	43	21	63	118.0	134	69	70	60	26	237	231	36.0	131	26	5.0	176.0	57	23	118.0	25	61	8.0	211.0	76	33	27	27.0	53.0	3.0	59.0	60	68.0	112	61	9.0	249.0	9	69	134	93	73	70.0	90.0	25	32	20.0	13	159.0	77	100	44	14	5.0	26.0	62	35.0	344.0	89	16.0	73.0	25.0	10	14	26.0	154.0	9	120.0	14.0	119	16	89		6.0		99	30	153	31	137.0	20.0	34.0	8	43.0	27.0	18.0	208.0	26.0	75	18	19.0	41	116	36	9	215	57	30.0	68	90	11.0	45.0	37	43.0	115.0	18.0	58.0	144	54	34	156.0	15	173	56	1.0	78.0	1.0	16	14	93.0	6.0	14	37	49	29	38	27	57	63	126.0	83	141.0	14	31	125	15	65.0	21.0	294.0	94	169.0		204.0	273	27	97.0	91.0	72	6.0	31.0	13	107	184.0	13	1.0	139.0	50	23.0	121	9	24	39	16.0	3.0	45	60	51.0	75	30.0	30.0	188.0	161	144.0	68.0	2.0	62	14.0	47	36	2.0	110.0	52	50	20	23	21.0	27	68	27.0		56.0	10	161		29.0	35	34	54	100	90	31.0	67	72	52	8.0	134.0	25	5.0	14.0	64	13.0		110	2.0	25	4.0	22.0	100	66		157.0		8	17.0	30.0	29	10	8.0	95.0	76	32	61.0		21	150.0	78.0	5.0	44.0	32.0	233	16.0	3	75	216.0	7.0	220	8.0	28	32.0	369.0	124	1.0	10.0	191.0	117.0	173.0	182.0	16.0	18.0	6.0	13.0	160		16	12	24	129	9.0	11.0	5	4.0	7.0	98	185	39	87.0	157.0	39.0	121.0		113.0	12	41	131	101.0	37	29	99	32	30	74.0	86	3	73.0	4	20.0	190.0		156.0	114	36	118.0	52	202.0	160.0	10	2.0	4	10	6.0	7.0	55	203	37	31	81.0	208	2.0	8.0	1.0	120.0	127.0	6.0	61.0	88	86.0	80	96	22	18	51	87	216.0	56.0	13	168	56	63	15	68	1.0	67	50.0	76	34	77	42	57	59.0	31	13.0	30	5.0	33	113	64	13	15.0	18	110	132	16.0	4	34.0	3.0	16.0		48.0	68.0	92.0		131	1.0	31.0	105	53	35	64	2.0	13	27	162	27	76	6.0	24	73	6.0	55.0	87.0	67.0	110	9.0	7.0	135.0	245.0	74	9.0	135	3.0	61	96	11	154.0	84	140	148.0	8.0	27	129	97	1.0	25	114	7.0	149.0	42.0	69	8.0	15	55	27.0	256	66	41	17	42	65	210.0	349.0	158	94.0	64.0	12.0	116.0	50.0	113	11	131	41.0	49.0	14.0	187.0	25	38	47	54	101	16	71	68		140.0	90	62	44	115.0	2.0	67	66.0	3.0	24.0	2.0	105	4.0	116.0	71.0	2.0	51	54.0	5	136	46.0	20	138	4.0	27.0	23	169.0	39	64.0	2.0	10.0	70.0	108	38	53	11.0	157.0	1.0	9.0	62	48.0	19.0	5.0	52	147.0	242.0	23	73	100	53	56	60	88	32.0	5.0	36.0	11.0
2018-12-17 10:00:00	40	62	89	97	160.0	151.0	136.0	64	109	12.0	67		104	124	4.0	62	22	15.0	104.0	224	205.0	101.0	119	62	64	35.0	121	229.0	79.0	129.0	207	137.0	67	38	111	114.0	6	28.0	11.0	196	139	73	145	11	51.0	8.0	68.0	103	109	2.0	357.0	84	126.0	170.0	188	45	33	55	82.0	120.0	200	65.0	177	78.0	53.0	90.0	121	82	7.0	87.0	16	199	21	182	72	128.0	13	81	100	36	59.0	118	32.0	24.0	218.0	142.0	11.0	44	27	85	24	6	35	18	171	116	42	129	67	50	38	54.0	44.0	8	24	120.0	120		42.0	25	29.0	79.0	131.0	7.0	59.0	72.0	44		70	26.0	47	112	41	2.0	1.0	83	20.0	120	73	112	9	3	21	227	214.0	127	131	177	72.0	106.0	63.0	119	301		234.0	67	26	85	15.0	71.0	10.0	122	50.0	72	56.0	7.0		106	171	100	100	35	83	172	92.0	96	12	3.0	81.0	3.0	1.0	7	98	132	200	19.0	86	150.0	100.0	110	80	29	66	108.0	110	64	126	65	38	187	178	111.0	113	31	8.0	242.0	65	52	262.0	39	95	20.0	259.0	60	66	38	59.0	100.0	16.0	90.0	93	57.0	85	89	11.0	134.0	23	64	161	108	86	91.0	689.0	62	33	57.0	21	117.0	130	131	34	14	28.0	77.0	74	51.0	110.0	106	38.0	152.0	100.0	15	10	22.0	84.0	21	181.0	14.0	153	21	67	8.0	1.0	3.0	111	60	130	13	111.0	63.0	49.0	10	27.0	29.0	21.0	332.0	82.0	74	37	35.0	45	197	27	17	340	80	59.0	84	70	18.0	42.0	37	202.0	126.0	36.0	71.0	167	50	33	213.0	21	166	56	15.0	92.0		44	13	76.0	13.0	33	43	61	27	55	38	82	77	255.0	72	95.0	38	49	139	31	96.0	18.0	251.0	113	153.0	8.0	172.0	250	39	66.0	94.0	29	39.0	62.0	50	80	101.0	26	6.0	165.0	49	44.0	102	16	28	45	12.0	4.0	97	135	54.0	119	43.0	39.0	158.0	82	215.0	49.0	11.0	113	13.0	83	51	4.0	180.0	38	44	55	32	72.0	45	86	74.0	3.0	59.0	24	178		34.0	38	102	72	167	71	66.0	110	102	48	6.0	121.0	25	18.0	19.0	33	20.0	3.0	101	4.0	59	19.0	21.0	168	127		195.0		11	71.0	11.0	31	13	8.0	120.0	78	55	44.0		52	115.0	96.0	22.0	42.0	24.0	209	20.0	7	39	152.0	12.0	289	7.0	35	105.0	78.0	168		7.0	276.0	92.0	133.0	200.0	38.0	11.0	24.0	13.0	148		5	32	49	211	6.0	41.0	21	6.0	2.0	98	160	39	107.0	158.0	55.0	130.0		77.0	30	48	144	70.0	58	72	132	62	23	125.0	72	5	122.0	9	26.0	246.0		57.0	141	62	135.0	56	156.0	114.0	9	5.0	6	6	2.0	26.0	97	158	60	41	109.0	143	40.0	12.0	7.0	117.0	94.0	10.0	136.0	115	42.0	51	84	17	52	114	21	154.0	67.0	8	152	89	83	23	97	2.0	64	29.0	89	62	66	60	60	72.0	46	20.0	37	24.0	34	152	86	9	32.0	26	141	143	29.0	4	83.0	5.0	15.0	1.0	71.0	75.0	139.0		199	33.0	53.0	185	80	31	42	28.0	32	18	125	58	68	33.0	29	155	4.0	63.0	115.0	104.0	177	6.0	12.0	123.0	181.0	84	28.0	153	18.0	53	114	21	104.0	108	127	162.0	26.0	31	88	93	1.0	32	133	17.0	215.0	78.0	85	7.0	20	65	53.0	253	93	62	50	99	78	195.0	233.0	132	50.0	151.0	9.0	104.0	26.0	107	35	124	31.0	62.0	23.0	186.0	17	53	40	40	111	26	64	69		127.0	95	96	105	164.0	2.0	118	95.0	9.0	28.0	1.0	96	4.0	129.0	46.0	10.0	61	60.0	17	92	50.0	8	137	1.0	17.0	58	232.0	36	47.0	4.0	28.0	69.0	121	36	90	3.0	154.0	3.0	6.0	117	54.0	12.0	9.0	59	204.0	169.0	25	120	95	57	93	112	112	44.0	15.0	54.0	28.0
2018-12-17 11:00:00	66	48	83	116	181.0	122.0	140.0	110	101	10.0	81		90	231	15.0	39	28	20.0	67.0	185	239.0	110.0	136	41	88	49.0	217	152.0	198.0	137.0	156	128.0	92	25	130	55.0	11	24.0	10.0	161	127	93	138	4	59.0	7.0	99.0	106	89	1.0	75.0	107	125.0	115.0	199	71	48	122	59.0	160.0	219	85.0	205	83.0	82.0	129.0	145	89	12.0	110.0	23	135	21	181	116	107.0	23	88	99	37	61.0	79	43.0	20.0	191.0	142.0	22.0	55	30	81	23	31	70	18	191	143	55	122	58	68	45	70.0	39.0	8	30	160.0	126	2.0	55.0	36	45.0	66.0	153.0	4.0	143.0	111.0	53		108	64.0	33	102	40	2.0	5.0	126	19.0	123	83	393	15	18	46	197	178.0	107	102	108	54.0	116.0	61.0	96	223		167.0	69	12	46	17.0	63.0	10.0	143	176.0	66	42.0	10.0		91	148	90	93	81	86	154	99.0	116	12		76.0			23	100	123	176	39.0	57	135.0	93.0	93	65	52	64	115.0	59	85	117	99	36	172	144	82.0	68	36	3.0	195.0	81	40	193.0	69	55	32.0	473.0	54	69	29	76.0	118.0	13.0	77.0	93	56.0	95	117	10.0	111.0	12	100	145	133	103	52.0	92.0	81	52	31.0	32	126.0	129	90	30	19	228.0	67.0	102	73.0	23.0	116	59.0	158.0	73.0	18	9	36.0	96.0	33	140.0	12.0	153	39	108	2.0	1.0		123	62	125	7	102.0	150.0	113.0	16	34.0	20.0	19.0	266.0	233.0	74	38	19.0	38	163	32	28	177	73	51.0	81	99	39.0	40.0	37	245.0	107.0	30.0	98.0	104	75	35	203.0	26	205	68	12.0	150.0	2.0	63	19	76.0	6.0	67	52	60	39	44	43	92	63	69.0	63	141.0	34	51	158	43	106.0	11.0	224.0	101	146.0	15.0	132.0	176	36	51.0	113.0	21	39.0	131.0	48	62	71.0	70	12.0	250.0	47	65.0	132	7	44	32	20.0	8.0	117	87	54.0	118	45.0	26.0	187.0	80	236.0	12.0	11.0	123	38.0	70	71	1.0	205.0	48	96	68	46	90.0	47	77	80.0	3.0	49.0	17	170		51.0	38	146	102	146	81	120.0	79	78	63	7.0	145.0	60	24.0	22.0	30	33.0	6.0	124	34.0	61	24.0	28.0	136	106	4.0	149.0		32	137.0	11.0	30	36	8.0	150.0	117	74	55.0		55	97.0	132.0	17.0	45.0	36.0	126	40.0	12	60	158.0	11.0	263	8.0	40	80.0	330.0	162		9.0	245.0	128.0	108.0	201.0	62.0	18.0	32.0	7.0	135		9	30	87	179	3.0	36.0	26	9.0	5.0	87	157	60	95.0	168.0	56.0	98.0	7.0	102.0	15	62	124	62.0	48	123	219	87	23	142.0	104	16	160.0	12	21.0	192.0		23.0	136	97	152.0	62	179.0	169.0	6	23.0	4	5	5.0	81.0	132	155	79	42	138.0	235	111.0	10.0	2.0	143.0	106.0	3.0	39.0	116	30.0	55	112	13	102	131	33	90.0	71.0	20	138	57	68	30	116		55	23.0	86	92	69	25	73	50.0	48	11.0	40	10.0	23	126	91	13	56.0	14	138	128	22.0	4	37.0	39.0	31.0		67.0	61.0	91.0	2.0	157	21.0	76.0	240	111	71	39	35.0	21	25	123	117	83	42.0	42	107	8.0	50.0	122.0	96.0	209	12.0	18.0	150.0	164.0	104	75.0	164	8.0	58	119	36	169.0	143	157	155.0	16.0	42	91	109		36	136	10.0	193.0	95.0	112	7.0	23	75	71.0	146	84	85	77	72	124	154.0	90.0	139	70.0	296.0	15.0	73.0	39.0	181	36	197	32.0	90.0	20.0	174.0	16	51	69	74	129	26	63	63		169.0	97	72	115	219.0	5.0	102	64.0	10.0	38.0	1.0	130	13.0	67.0	76.0	15.0	51	89.0	30	76	28.0	9	146	2.0	30.0	56	231.0	42	24.0	4.0	53.0	140.0	122	51	102	6.0	176.0	7.0	3.0	172	55.0	17.0	14.0	74	209.0	79.0	20	164	71	66	114	80	71	42.0	19.0	51.0	85.0
2018-12-17 12:00:00	46	50	78	142	169.0	108.0	109.0	126	109	10.0	87		122	211	12.0	88	28	7.0	83.0	164	181.0	151.0	105	72	97	73.0	130	167.0	215.0	98.0	119	118.0	168	17	110	91.0	7	16.0	5.0	142	166	108	101	5	57.0	8.0	60.0	115	135	1.0	117.0	105	88.0	141.0	148	92	46	125	56.0	163.0	189	112.0	190	81.0	62.0	128.0	120	86	17.0	66.0	31	152	26	120	112	170.0	25	67	124	38	71.0	58	51.0	15.0	206.0	154.0	30.0	81	37	79	13	44	93	34	90	139	49	117	43	80	45	128.0	80.0	30	39	129.0	110	6.0	75.0	18	40.0	104.0	160.0	1.0	143.0	137.0	59	1.0	120	54.0	60	107	60	7.0	3.0	114	12.0	122	53	77	39	22	151	197	193.0	117	122	83	41.0	123.0	53.0	126	191		103.0	50	15	27	17.0	45.0	15.0	115	300.0	48	40.0	10.0		73	125	56	103	96	54	157	98.0	118	23	1.0	88.0	3.0		19	89	76	190	118.0	60	192.0	81.0	88	119	44	124	88.0	100	69	100	118	47	147	146	70.0	100	31	8.0	143.0	132	41	163.0	81	70	15.0	447.0	73	62	30	106.0	119.0	23.0	56.0	78	83.0	115	117	8.0	180.0	28	122	151	280	120	49.0	99.0	163	59	59.0	24	101.0	100	56	51	9	528.0	51.0	121	77.0	23.0	108	38.0	123.0	69.0	33	20	62.0	63.0	36	108.0	17.0	166	57	60	1.0		2.0	160	77	147	3	97.0	185.0	113.0	14	16.0	22.0	25.0	213.0	344.0	74	36	18.0	63	126	39	38	146	71	80.0	71	89	31.0	39.0	59	212.0	143.0	24.0	106.0	145	89	59	193.0	44	177	76	18.0	93.0		84	24	61.0	2.0	60	93	84	26	44	53	65	94	93.0	69	155.0	41	42	165	73	101.0	7.0	161.0	94	151.0	23.0	134.0	201	51	55.0	90.0	20	58.0	144.0	65	85	51.0	62	17.0	157.0	64	76.0	175	13	59	47	10.0	5.0	150	230	59.0	149	49.0	23.0	153.0	79	191.0	80.0	18.0	156	72.0	215	88	8.0	170.0	62	87	53	39	93.0	50	62	144.0	3.0	37.0	17	176		61.0	63	117	63	161	66	151.0	55	81	93	6.0	106.0	40	16.0	25.0	38	27.0	6.0	109	44.0	74	24.0	29.0	113	74	9.0	149.0	2.0	46	144.0	14.0	53	54	7.0	122.0	87	95	35.0		93	114.0	124.0	9.0	35.0	29.0	165	38.0	6	73	131.0	11.0	153	11.0	53	61.0	97.0	172		5.0	219.0	98.0	104.0	200.0	60.0	15.0	24.0	7.0	127	11.0	11	53	101	155	3.0	40.0	46	10.0	5.0	66	121	80	144.0	117.0	55.0	111.0	2.0	172.0	15	67	86	71.0	62	158	179	146	18	138.0	104	26	144.0	13	9.0	221.0		81.0	207	93	183.0	74	167.0	180.0	2	82.0	12	17	4.0	84.0	127	167	114	36	127.0	184	121.0	12.0	2.0	137.0	75.0	10.0	142.0	53	48.0	81	89	10	49	186	53	75.0	65.0	27	115	50	67	36	171	1.0	81	22.0	85	75	65	26	67	84.0	34	13.0	45	9.0	29	118	137	9	25.0	16	98	165	25.0	35	66.0	61.0	18.0		76.0	62.0	106.0	7.0	140	40.0	67.0	194	146	38	33	68.0	29	35	130	123	102	28.0	28	54	10.0	49.0	100.0	145.0	201	13.0	24.0	164.0	195.0	71	99.0	133	31.0	62	166	62	211.0	147	184	206.0	31.0	41	99	117		58	147	19.0	192.0	141.0	81	5.0	23	99	91.0	255	68	81	63	93	104	109.0	151.0	97	77.0	376.0	23.0	97.0	35.0	154	59	211	55.0	109.0	26.0	142.0	14	93	60	85	135	28	61	79	1.0	143.0	110	94	126	210.0	2.0	114	91.0	4.0	39.0	2.0	88	8.0	33.0	92.0	6.0	51	117.0	10	112	28.0	12	161	3.0	23.0	61	119.0	53	27.0	6.0	51.0	44.0	144	82	97	7.0	86.0	13.0	9.0	135	53.0	9.0	15.0	77	217.0	125.0	21	145	80	85	81	92	84	55.0	15.0	35.0	58.0
2018-12-17 13:00:00	46	90	38	165	162.0	104.0	123.0	74	107	12.0	79		121	137	16.0	121	26	25.0	75.0	160	188.0	174.0	61	86	97	121.0	62	178.0	178.0	129.0	96	97.0	157	17	90	142.0	11	14.0	7.0	100	159	90	112	4	56.0	25.0	82.0	119	105	5.0	106.0	96	123.0	118.0	133	69	65	103	65.0	158.0	229	114.0	182	51.0	106.0	102.0	91	122	15.0	53.0	47	107	38	108	151	119.0	22	90	76	42	52.0	48	126.0	18.0	187.0	160.0	44.0	100	38	52	14	44	83	16	119	120	29	108	48	87	60	119.0	128.0	33	54	67.0	86	1.0	90.0	31	51.0	226.0	113.0		163.0	131.0	37	1.0	138	63.0	56	93	45	1.0	3.0	116	12.0	107	85	101	17	47	222	131	198.0	128	100	59	19.0	114.0	79.0	134	235		162.0	59	25	38	29.0	48.0	13.0	81	240.0	49	10.0	15.0		88	164	79	124	74	75	144	102.0	97	47	2.0	92.0	3.0		17	112	97	148	174.0	63	166.0	74.0	102	154	54	134	61.0	45	81	138	87	45	143	166	102.0	87	39	13.0	184.0	104	37	117.0	71	47	30.0	402.0	68	83	14	89.0	135.0	38.0	49.0	82	64.0	94	161	4.0	118.0	35	119	80	157	83	109.0	68.0	162	33	29.0	20	86.0	84	82	39	15	21.0	35.0	89	59.0	25.0	68	38.0	118.0	77.0	22	20	68.0	141.0	37	77.0	16.0	162	54	77	8.0	1.0	4.0	135	69	189	5	102.0	130.0	93.0	15	26.0	27.0	38.0	194.0	355.0	56	26	22.0	60	100	38	49	118	107	38.0	111	104	22.0	20.0	79	212.0	101.0	16.0	114.0	76	93	98	169.0	41	164	61	22.0	87.0	1.0	249	10	56.0	2.0	81	130	83	37	47	54	55	109	58.0	71	113.0	20	47	123	55	95.0	10.0	153.0	83	161.0	4.0	184.0	152	42	58.0	72.0	12	66.0	171.0	87	72	49.0	74	4.0	156.0	31	74.0	139	34	95	22	8.0	8.0	107	120	46.0	97	46.0	31.0	157.0	103	166.0	33.0	16.0	154	48.0	53	59	5.0	170.0	51	76	58	44	100.0	57	95	158.0	3.0	39.0	28	153		44.0	77	141	64	176	74	93.0	70	63	86	3.0	114.0	55	16.0	13.0	23	25.0	7.0	72	64.0	99	24.0	38.0	109	93		165.0		30	142.0	7.0	57	51	5.0	149.0	84	103	23.0		107	91.0	144.0	13.0	21.0	37.0	120	41.0	13	173	96.0	26.0	98	20.0	44	47.0	78.0	131	1.0	17.0	161.0	95.0	164.0	176.0	74.0	19.0	10.0	19.0	150		6	53	75	142	7.0	31.0	23	13.0	4.0	74	115	94	119.0	137.0	42.0	80.0	8.0	53.0	24	47	95	61.0	74	129	134	60	26	139.0	110	7	138.0	18	7.0	143.0		319.0	207	107	129.0	76	167.0	141.0	9	129.0	17	17	4.0	121.0	83	174	131	31	81.0	120	128.0	36.0	4.0	82.0	66.0	4.0	76.0	75	21.0	116	101	7	107	140	87	122.0	59.0	21	146	32	62	21	199	9.0	54	27.0	82	100	67	34	107	98.0	31	14.0	52	4.0	44	141	128	9	13.0	26	119	137	34.0	14	92.0	108.0	21.0		56.0	130.0	111.0	8.0	127	29.0	81.0	183	107	76	24	54.0	42	32	135	170	90	30.0	21	88	2.0	44.0	108.0	85.0	193	24.0	34.0	159.0	163.0	70	132.0	275	10.0	45	104	67	144.0	137	186	189.0	33.0	52	93	71		101	149	20.0	289.0	122.0	106	7.0	20	104	117.0	210	76	84	87	123	99	139.0	93.0	134	63.0	387.0	13.0	54.0	32.0	152	88	171	67.0	140.0	29.0	120.0	19	133	47	60	77	28	72	158	1.0	146.0	139	77	124	215.0	3.0	130	82.0	16.0	59.0	3.0	139	6.0	12.0	82.0	8.0	51	164.0	22	68	42.0	28	128	5.0	22.0	85	122.0	53	21.0	3.0	57.0	26.0	182	87	73	1.0	217.0	20.0	7.0	157	69.0	14.0	14.0	140	162.0	90.0	21	102	54	94	53	111	107	29.0	16.0	42.0	92.0
2018-12-17 14:00:00	43	90	64	135	198.0	91.0	105.0	79	110	14.0	70		106	92	9.0	108	45	12.0	47.0	138	124.0	108.0	91	74	143	114.0	123	225.0	145.0	123.0	93	84.0	169	26	96	55.0	8	16.0	11.0	122	117	92	110	5	46.0	33.0	108.0	142	101	4.0	115.0	107	98.0	90.0	111	68	32	115	60.0	119.0	178	83.0	179	55.0	55.0	110.0	106	131	12.0	51.0	29	108	23	84	123	63.0	17	89	92	44	49.0	54	187.0	12.0	208.0	199.0	47.0	83	32	80	11	98	93	46	126	124	58	110	55	121	38	165.0	134.0	25	56	90.0	87	3.0	98.0	16	37.0	58.0	119.0	2.0	159.0	121.0	59	1.0	125	38.0	52	91	60	3.0	1.0	82	27.0	98	80	131	49	47	218	151	183.0	124	77	75	2.0	94.0	46.0	155	178		118.0	59	15	28	25.0	44.0	9.0	105	207.0	29	38.0	12.0	1.0	101	133	67	101	61	66	242	126.0	90	51	1.0	57.0			28	122	119	160	239.0	76	173.0	52.0	83	182	50	93	39.0	56	82	138	111	51	139	141	80.0	74	29	5.0	195.0	119	18	85.0	57	69	27.0	388.0	71	49	33	101.0	151.0	49.0	45.0	67	57.0	88	143	14.0	281.0	27	114	163	130	101	80.0	83.0	135	33	22.0	31	77.0	90	107	34	36	419.0	64.0	87	66.0	19.0	89	58.0	143.0	66.0	27	30	35.0	146.0	47	64.0	12.0	143	93	87	5.0		1.0	120	77	149	9	86.0	114.0	108.0	25	31.0	19.0	33.0	168.0	283.0	74	24	21.0	59	85	50	38	120	58	56.0	138	108	24.0	42.0	137	213.0	102.0	29.0	104.0	96	79	88	131.0	42	136	45	16.0	85.0	1.0	277	15	89.0	3.0	49	73	82	55	37	53	56	112	122.0	84	105.0	40	25	125	46	116.0	5.0	141.0	95	155.0		167.0	171	66	56.0	94.0	27	69.0	186.0	79	74	82.0	60	7.0	141.0	55	80.0	132	47	94	63	4.0	7.0	129	177	58.0	130	32.0	37.0	181.0	93	124.0	28.0	13.0	114	43.0	57	38	12.0	118.0	37	91	85	56	104.0	24	84	100.0	4.0	42.0	47	142		53.0	55	107	56	212	53	71.0	88	99	69	6.0	150.0	60	7.0	11.0	27	22.0	6.0	100	124.0	78	16.0	31.0	87	125		171.0		36	169.0	5.0	44	34	9.0	104.0	57	78	64.0	1.0	111	113.0	153.0	13.0	39.0	35.0	120	38.0	14	216	78.0	11.0	108	9.0	60	80.0	152.0	123	1.0	14.0	176.0	89.0	113.0	208.0	55.0	34.0	11.0	7.0	115		8	71	119	122	4.0	26.0	67	10.0	8.0	62	150	149	103.0	145.0	63.0	91.0	8.0	50.0	28	55	161	67.0	42	110	103	73	33	129.0	145	3	100.0	9	12.0	87.0		286.0	177	133	144.0	98	155.0	125.0	1	127.0	20	10	1.0	123.0	97	175	136	50	95.0	106	113.0	31.0	3.0	103.0	69.0	4.0	55.0	90	53.0	175	152	1	77	147	82	114.0	66.0	20	157	45	60	35	182	150.0	106	21.0	93	96	52	34	158	105.0	38	8.0	56	30.0	34	127	127	14	24.0	18	142	117	37.0	13	105.0	147.0	15.0		64.0	95.0	66.0	15.0	128	46.0	67.0	123	121	90	18	84.0	61	35	106	155	83	32.0	35	64	9.0	60.0	89.0	90.0	187	14.0	27.0	148.0	167.0	57	104.0	198	12.0	100	127	76	150.0	141	152	205.0	32.0	96	95	70		134	131	13.0	205.0	134.0	122	11.0	34	89	93.0	208	86	97	168	128	70	261.0	98.0	132	49.0	346.0	19.0	63.0	23.0	201	71	173	48.0	133.0	24.0	90.0	28	171	85	47	70	31	63	137	2.0	98.0	137	93	121	246.0	6.0	117	113.0	18.0	65.0	2.0	81	1.0	10.0	78.0	7.0	56	132.0	11	48	43.0	9	94	1.0	24.0	73	111.0	55	25.0	2.0	41.0	26.0	189	100	85	2.0	193.0	14.0	7.0	159	52.0	11.0	40.0	151	137.0	144.0	20	115	106	76	76	105	80	26.0	33.0	54.0	74.0
2018-12-17 15:00:00	31	137	51	73	191.0	102.0	121.0	98	98	17.0	77		116	179	8.0	69	78	21.0	74.0	150	136.0	117.0	101	98	115	128.0	107	249.0	135.0	98.0	72	58.0	205	31	93	99.0	5	11.0	14.0	122	105	91	105	4	62.0	27.0	114.0	159	80	10.0	108.0	92	116.0	136.0	106	59	42	100	30.0	125.0	149	113.0	179	46.0	73.0	94.0	96	106	16.0	55.0	14	221	26	101	152	92.0	19	172	76	36	62.0	65	209.0	25.0	177.0	189.0	58.0	70	33	72	27	133	99	16	86	125	42	168	60	96	55	124.0	151.0	17	51	86.0	84	3.0	94.0	12	61.0	46.0	105.0	2.0	167.0	185.0	53		117	95.0	98	95	54	6.0	4.0	108	11.0	99	112	111	38	44	180	141	147.0	93	101	77	3.0	90.0	69.0	143	169		104.0	58	12	63	29.0	104.0	18.0	90	249.0	38	45.0	20.0		103	143	78	99	39	63	185	70.0	66	83		77.0	2.0		30	83	93	163	160.0	72	215.0	33.0	98	154	59	90	23.0	102	69	136	100	46	145	102	56.0	89	40	7.0	180.0	217	31	60.0	62	72	31.0	355.0	49	69	31	90.0	111.0	59.0	53.0	65	68.0	95	123	8.0	351.0	27	105	156	113	87	41.0	65.0	121	35	31.0	24	81.0	70	132	44	18	316.0	118.0	100	95.0	24.0	104	81.0	148.0	43.0	23	18	41.0	111.0	61	55.0	17.0	118	149	141	4.0	1.0	2.0	158	83	127	15	106.0	157.0	106.0	14	33.0	27.0	33.0	148.0	298.0	72	20	35.0	56	106	62	29	77	82	46.0	149	83	17.0	30.0	162	219.0	94.0	39.0	105.0	90	108	82	175.0	29	156	50	11.0	100.0		167	21	64.0	8.0	82	75	79	49	31	60	69	126	104.0	72	101.0	46	31	171	18	77.0	10.0	127.0	77	113.0		111.0	186	47	53.0	112.0	30	80.0	156.0	59	68	53.0	41	7.0	145.0	51	77.0	124	33	97	62	12.0	3.0	93	118	32.0	141	39.0	33.0	124.0	99	131.0	45.0	16.0	112	36.0	69	63	9.0	111.0	18	63	112	53	120.0	66	107	103.0	1.0	48.0	33	130		43.0	40	60	98	197	77	70.0	113	86	67	5.0	96.0	267	14.0	10.0	35	15.0	4.0	85	118.0	123	39.0	34.0	79	137		164.0		29	192.0	11.0	65	64	4.0	142.0	64	95	49.0	2.0	83	113.0	139.0	7.0	59.0	54.0	150	36.0	15	579	79.0	19.0	116	10.0	79	85.0	332.0	118		11.0	175.0	70.0	99.0	189.0	58.0	19.0	12.0	10.0	128		7	68	118	150	5.0	22.0	63	9.0	6.0	86	168	147	102.0	102.0	82.0	58.0	10.0	165.0	44	58	123	61.0	39	111	106	85	15	128.0	190	7	143.0	21	4.0	126.0		180.0	176	92	116.0	97	162.0	100.0	4	199.0	20	15	3.0	157.0	75	186	176	38	80.0	115	115.0	22.0	4.0	93.0	90.0	4.0	85.0	92	71.0	127	87	1	104	123	109	114.0	47.0	22	147	35	61	33	192	112.0	64	15.0	88	111	69	19	84	86.0	36	4.0	43	16.0	41	132	122	15	20.0	15	91	124	19.0	6	89.0	127.0	15.0	7.0	69.0	156.0	96.0	10.0	144	83.0	52.0	142	118	84	15	74.0	63	37	71	135	81	37.0	21	40	2.0	76.0	107.0	92.0	128	7.0	25.0	135.0	204.0	64	128.0	158	12.0	91	175	145	113.0	119	120	237.0	30.0	84	105	101		153	170	9.0	210.0	141.0	143	7.0	28	68	76.0	160	63	75	128	135	177	244.0	77.0	176	126.0	247.0	15.0	53.0	35.0	117	79	123	124.0	95.0	32.0	59.0	20	179	78	58	71	26	76	101	1.0	96.0	112	84	125	204.0	4.0	103	57.0	15.0	43.0	7.0	89	12.0	19.0	101.0	20.0	46	136.0	8	47	23.0	12	92	3.0	38.0	77	96.0	80	29.0	7.0	32.0	17.0	179	72	73	4.0	202.0	10.0	4.0	178	33.0	8.0	38.0	164	164.0	109.0	21	118	87	71	107	82	78	29.0	26.0	44.0	57.0
2018-12-17 16:00:00	23	103	70	61	151.0	90.0	145.0	130	89	14.0	87		103	195	16.0	79	67	6.0	79.0	88	144.0	137.0	71	82	77	82.0	174	307.0	150.0	108.0	51	64.0	81	36	75	107.0	14	24.0	12.0	131	122	139	86	7	48.0	14.0	133.0	115	81	4.0	95.0	65	81.0	107.0	91	95	35	75	44.0	155.0	182	101.0	230	49.0	44.0	130.0	94	111	17.0	58.0	23	185	10	94	134	87.0	15	152	81	41	37.0	72	180.0	16.0	173.0	263.0	61.0	58	26	87	17	146	84	18	94	130	54	182	60	90	63	136.0	241.0	56	73	60.0	85	7.0	123.0	18	49.0	53.0	105.0	3.0	168.0	169.0	40	2.0	117	69.0	96	133	59	5.0	9.0	80	20.0	126	124	98	78	61	204	122	157.0	96	137	51		93.0	61.0	152	85		80.0	98	10	63	18.0	72.0	20.0	85	251.0	41	33.0	18.0	1.0	83	159	77	112	85	70	169	82.0	105	89		80.0	6.0		21	71	94	182	172.0	66	191.0	77.0	112	147	55	101	32.0	92	85	109	94	40	150	99	44.0	79	48	12.0	186.0	187	19	60.0	72	86	48.0	309.0	48	72	48	67.0	86.0	74.0	51.0	76	72.0	94	99	15.0	100.0	24	118	147	128	91	47.0	75.0	125	34	72.0	36	68.0	84	94	71	26	544.0	108.0	99	83.0	14.0	95	114.0	177.0	61.0	21	31	30.0	141.0	62	90.0	14.0	124	151	150	3.0	1.0	1.0	107	68	132	26	140.0	284.0	104.0	13	18.0	106.0	28.0	171.0	339.0	70	17	47.0	84	86	54	39	60	83	59.0	98	96	38.0	3.0	183	232.0	151.0	40.0	130.0	76	90	83	142.0	46	141	57	24.0	87.0	2.0	103	33	73.0	10.0	88	100	94	27	44	70	61	124	132.0	75	130.0	27	41	155	29	90.0	9.0	99.0	77	131.0		146.0	104	53	59.0	83.0	63	74.0	171.0	74	78	142.0	50	3.0	183.0	48	68.0	137	24	134	47	8.0	2.0	111	117	41.0	186	55.0	26.0	179.0	136	118.0	65.0	14.0	135	27.0	85	71	11.0	123.0	3	91	109	54	45.0	80	133	133.0	2.0	57.0	46	108		56.0	44	68	90	162	72	72.0	103	66	81	5.0	115.0	200	19.0	13.0	31	20.0	6.0	132	110.0	87	19.0	36.0	79	68		190.0		31	211.0	6.0	89	52	6.0	155.0	101	109	36.0	3.0	82	113.0	123.0	17.0	51.0	84.0	143	49.0	19	596	85.0	13.0	99	16.0	82	91.0	93.0	125		14.0	207.0	110.0	163.0	186.0	74.0	19.0	21.0	14.0	97		12	59	140	218	5.0	7.0	89	7.0	6.0	119	96	122	94.0	85.0	72.0	71.0	14.0	68.0	55	72	123	58.0	76	105	17	51	20	156.0	201	14	112.0	13	14.0	160.0		182.0	188	78	101.0	90	189.0	130.0	4	234.0	24	16	1.0	151.0	57	148	188	61	48.0	117	83.0	43.0	4.0	161.0	96.0	7.0	130.0	77	76.0	146	81	5	98	120	188	138.0	33.0	24	167	77	85	31	181	49.0	80	12.0	72	85	62	30	76	139.0	44	5.0	51	2.0	11	177	137	33	33.0	16	128	172	44.0	15	90.0	156.0	27.0	13.0	74.0	94.0	128.0		130	41.0	45.0	96	178	109	30	100.0	77	21	130	144	88	33.0	35	58	7.0	76.0	150.0	99.0	121	5.0	15.0	131.0	179.0	80	173.0	109	9.0	66	174	123	101.0	104	129	232.0	44.0	75	100	79	1.0	119	170	5.0	162.0	119.0	150	7.0	30	78	101.0	112	61	145	112	128	100	138.0	111.0	192	66.0	223.0	31.0	60.0	17.0	115	101	179	119.0	91.0	26.0	88.0	29	183	95	78	28	39	128	155		100.0	94	61	126	222.0	5.0	118	47.0	8.0	58.0	4.0	96	5.0	25.0	103.0	15.0	64	160.0	10	66	40.0	13	97	5.0	37.0	65	160.0	49	25.0	5.0	57.0	36.0	192	50	79	12.0	245.0	32.0	4.0	119	63.0	6.0	33.0	125	175.0	81.0	11	125	63	75	72	86	109	17.0	22.0	26.0	54.0
2018-12-17 17:00:00	27	91	59	78	142.0	89.0	160.0	154	76	7.0	87	3.0	156	169	16.0	83	65	19.0	76.0	124	144.0	166.0	109	96	115	60.0	76	71.0	69.0	113.0	66	81.0	163	30	59	39.0	8	24.0	20.0	120	159	150	122	10	58.0	16.0	171.0	66	92	2.0	52.0	103	135.0	139.0	76	108	36	107	36.0	179.0	138	100.0	213	59.0	30.0	223.0	97	73	19.0	46.0	25	151	36	99	85	92.0	19	159	81	41	47.0	101	84.0	41.0	119.0	186.0	91.0	100	30	111	11	107	102	41	118	101	64	203	40	87	46	111.0	225.0	36	49	80.0	117	7.0	161.0	20	40.0	60.0	103.0	3.0	118.0	150.0	37	2.0	113	92.0	89	103	69	5.0	4.0	98	16.0	110	110	87	53	69	142	159	150.0	95	153	43	1.0	79.0	67.0	163	77		53.0	78	14	64	17.0	54.0	22.0	119	288.0	55	42.0	13.0	1.0	103	186	118	116	81	79	166	84.0	84	131	1.0	107.0	5.0		21	79	151	203	217.0	74	216.0	112.0	118	192	47	105	37.0	52	98	138	75	58	169	77	74.0	95	47	4.0	98.0	75	22	44.0	76	121	44.0	160.0	87	96	62	64.0	93.0	66.0	49.0	56	87.0	131	128	19.0	122.0	25	129	161	193	109	70.0	60.0	148	33	77.0	32	103.0	109	59	59	15	230.0	110.0	151	93.0	24.0	116	149.0	128.0	68.0	20	25	47.0	137.0	71	76.0	30.0	156	179	184	4.0	3.0		155	62	130	46	179.0	207.0	101.0	13	22.0	109.0	45.0	146.0	108.0	73	25	26.0	91	90	47	48	83	56	67.0	127	101	21.0	16.0	150	208.0	166.0	20.0	111.0	128	89	133	126.0	47	117	81	24.0	88.0		76	29	84.0	5.0	81	75	74	65	58	80	57	135	151.0	77	157.0	42	49	83	1	78.0	2.0	96.0	74	111.0		118.0	98	38	71.0	74.0	143	71.0	140.0	68	95	201.0	31	6.0	149.0	51	98.0	152	33	109	61	14.0	6.0	174	171	17.0	217	46.0	43.0	173.0	139	117.0	54.0	12.0	120	62.0	77	43	17.0	119.0	4	116	113	89	50.0	84	126	100.0	1.0	27.0	57	100		63.0	45	75	63	178	66	93.0	75	83	92	7.0	109.0	186	19.0	12.0	35	29.0	6.0	85	93.0	106	29.0	26.0	73	63	1.0	164.0		29	178.0	2.0	90	97	6.0	182.0	88	118	38.0		76	71.0	156.0	6.0	68.0	45.0	138	60.0	23	229	117.0	26.0	79	31.0	107	96.0	39.0	118		19.0	244.0	61.0	163.0	154.0	49.0	37.0	36.0	6.0	116		14	50	115	173	3.0	19.0	94	5.0	8.0	133	79	145	182.0	97.0	80.0	107.0	8.0	72.0	40	63	147	88.0	80	122	12	51	34	132.0	184	15	90.0	23	6.0	159.0	1.0	193.0	206	72	130.0	77	179.0	163.0	15	285.0	8	18	1.0	188.0	88	104	148	41	85.0	130	98.0	41.0	12.0	159.0	109.0	7.0	144.0	37	77.0	176	91	5	100	108	99	122.0	23.0	30	166	94	85	33	71	44.0	60	17.0	99	83	73	31	81	112.0	29	9.0	44	6.0	21	156	116	26	32.0	14	119	147	66.0	18	78.0	139.0	23.0	5.0	94.0	86.0	76.0	3.0	153	59.0	71.0	75	175	92	13	83.0	51	31	130	150	67	20.0	30	34	3.0	51.0	154.0	39.0	104	8.0	29.0	170.0	218.0	113	157.0	128	21.0	54	222	130	89.0	104	245	242.0	48.0	50	138	97	1.0	124	147	14.0	55.0	129.0	165	8.0	24	93	106.0	123	91	171	144	119	110	140.0	192.0	150	91.0	194.0	38.0	74.0	2.0	153	98	186	103.0	86.0	17.0	92.0	24	197	72	41	84	43	149	155	2.0	107.0	131	62	109	161.0	8.0	93	50.0	11.0	79.0	3.0	96	5.0	22.0	109.0	9.0	61	143.0	5	45	46.0	30	123	4.0	27.0	66	109.0	70	51.0	10.0	56.0	119.0	186	50	66	5.0	22.0	30.0	6.0	99	75.0	19.0	22.0	118	199.0	106.0	21	98	51	74	56	81	95	14.0	26.0	23.0	51.0
2018-12-17 18:00:00	46	91	89	81	126.0	98.0	123.0	103	71	6.0	108	1.0	132	389	14.0	91	87	19.0	39.0	138	168.0	150.0	75	91	113	57.0	100	132.0	82.0	95.0	137	63.0	90	20	73	16.0	8	26.0	11.0	113	112	171	158	13	74.0	41.0	144.0	89	86	10.0	50.0	94	61.0	121.0	78	70	43	103	47.0	150.0	107	111.0	187	93.0	41.0	264.0	89	114	16.0	61.0	30	167	38	77	63	58.0	25	160	70	26	36.0	87	141.0	33.0	153.0	147.0	70.0	101	42	134	30	103	91	35	137	95	51	174	39	100	25	130.0	220.0	27	51	54.0	110	4.0	256.0	23	29.0	253.0	87.0	3.0	108.0	111.0	49	5.0	91	90.0	92	102	43	8.0	14.0	96	28.0	127	128	68	46	84	174	157	128.0	102	208	51	11.0	131.0	93.0	179	48		38.0	86	11	59	36.0	55.0	23.0	101	326.0	60	29.0	20.0		76	201	106	153	103	109	155	97.0	115	164	1.0	123.0	2.0	2.0	12	66	76	217	243.0	76	193.0	122.0	130	185	56	128	38.0	81	84	86	92	53	165	58	127.0	161	69	3.0	159.0	80	47	59.0	84	154	36.0	8.0	93	67	27	74.0	73.0	66.0	76.0	68	70.0	127	162	25.0	77.0	26	132	173	181	96	63.0	45.0	150	35	303.0	44	131.0	119	76	56	45	50.0	138.0	154	77.0	23.0	151	68.0	110.0	67.0	22	25	64.0	200.0	74	116.0	38.0	151	96	279	4.0	2.0	3.0	96	108	91	77	209.0	177.0	107.0	13	15.0	95.0	19.0	133.0	14.0	57	21	17.0	99	104	50	32	112	58	41.0	125	88	11.0	21.0	174	220.0	246.0	41.0	124.0	163	83	146	178.0	32	123	64	58.0	85.0		87	32	47.0	8.0	92	64	69	53	37	70	59	227	226.0	89	140.0	39	65	83	13	79.0	2.0	103.0	86	141.0		150.0	92	35	53.0	78.0	142	68.0	151.0	75	124	312.0	47	3.0	118.0	53	172.0	114	20	110	76	20.0	3.0	160	178	34.0	261	58.0	31.0	117.0	169	129.0	33.0	24.0	134	54.0	77	57	16.0	127.0	1	90	114	54	47.0	76	146	102.0	4.0	28.0	51	128		52.0	45	52	83	191	74	81.0	123	83	65	7.0	137.0	213	27.0	7.0	54	42.0	3.0	100	151.0	96	40.0	33.0	63	93		124.0		31	205.0	10.0	86	69	1.0	215.0	75	148	18.0	1.0	115	87.0	155.0	7.0	86.0	44.0	91	55.0	24	101	138.0	20.0	122	24.0	74	144.0	241.0	108		14.0	202.0	97.0	120.0	169.0	73.0	19.0	44.0	9.0	108		11	51	101	121	9.0	20.0	100	6.0	8.0	116	80	128	203.0	133.0	55.0	63.0	14.0	83.0	69	86	187	247.0	56	132	25	48	61	132.0	143	17	105.0	26	9.0	134.0	2.0	318.0	184	85	141.0	90	179.0	165.0	25	265.0	16	20	3.0	188.0	62	119	185	45	53.0	133	73.0	52.0	2.0	166.0	71.0	19.0	138.0	64	32.0	162	91	3	69	99	85	128.0	53.0	26	151	143	110	27	125	66.0	94	14.0	104	76	72	47	51	160.0	25	17.0	33	5.0	21	180	174	33	12.0	14	128	151	79.0	7	121.0	152.0	26.0	1.0	74.0	85.0	113.0	1.0	148	82.0	49.0	82	194	58	37	74.0	43	41	143	169	93	21.0	24	39	8.0	64.0	167.0	6.0	117	11.0	33.0	153.0	220.0	90	205.0	143	8.0	87	104	146	120.0	94	170	153.0	63.0	33	143	91		164	179	6.0	69.0	85.0	124	2.0	24	78	92.0	126	98	180	123	114	181	85.0	124.0	135	72.0	60.0	43.0	78.0	12.0	151	102	130	68.0	132.0	28.0	119.0	21	183	87	61	73	46	127	106	1.0	124.0	104	78	118	175.0	14.0	89	46.0	8.0	78.0	6.0	97	5.0	43.0	113.0	26.0	65	173.0	1	84	59.0	27	178	4.0	18.0	94	117.0	82	37.0	2.0	48.0	58.0	183	61	56	5.0	37.0	20.0	6.0	99	111.0	8.0	27.0	154	245.0	51.0	24	132	41	108	44	73	154	42.0	27.0	48.0	79.0
2018-12-17 19:00:00	40	124	122	91	125.0	123.0	119.0	100	89	1.0	141		163	294	24.0	106	70	28.0	43.0	135	125.0	244.0	81	104	117	67.0	59	126.0	95.0	119.0	186	57.0	133	32	88	14.0	9	9.0	6.0	124	116	162	293	14	79.0	38.0	150.0	154	110	4.0	86.0	162	57.0	104.0	51	145	61	104	19.0	120.0	82	87.0	175	54.0	36.0	332.0	119	117	12.0	54.0	22	70	59	86	82	70.0	28	122	83	44	125.0	83	331.0	38.0	72.0	147.0	52.0	79	39	152	22	99	108	44	192	94	56	265	42	89	37	136.0	173.0	26	74	44.0	117	11.0	299.0	30	43.0	279.0	81.0	13.0	117.0	138.0	35	1.0	111	99.0	73	116	54	23.0	7.0	143	23.0	83	93	107	50	45	165	174	163.0	104	244	44	42.0	159.0	64.0	177	39		29.0	87	11	40	22.0	61.0	17.0	120	263.0	84	51.0	9.0	2.0	69	157	126	121	188	100	152	105.0	120	254	2.0	140.0	5.0	5.0	13	73	99	217	156.0	133	189.0	133.0	123	166	53	110	38.0	60	161	175	101	67	154	99	46.0	294	117	2.0	128.0	92	77	43.0	63	127	33.0	14.0	104	57	54	70.0	58.0	67.0	56.0	72	43.0	119	136	16.0	33.0	41	185	196	94	83	60.0	39.0	157	53	394.0	34	142.0	101	83	128	44	380.0	186.0	175	92.0	35.0	125	108.0	95.0	46.0	27	29	67.0	200.0	98	114.0	76.0	149	79	366	1.0	1.0		88	77	105	62	162.0	121.0	133.0	9	23.0	73.0	24.0	121.0	28.0	67	12	26.0	94	112	67	42	105	79	51.0	181	82	16.0	22.0	162	164.0	231.0	16.0	126.0	178	107	106	102.0	39	141	67	47.0	98.0	3.0	94	31	63.0	1.0	101	71	74	73	39	69	58	215	319.0	87	134.0	68	57	179	35	85.0	7.0	73.0	114	138.0		131.0	60	39	60.0	97.0	175	53.0	91.0	65	137	349.0	41	6.0	101.0	55	335.0	194	15	98	77	17.0	10.0	222	138	22.0	268	45.0	36.0	148.0	111	151.0	38.0	13.0	140	74.0	89	49	12.0	163.0	1	83	160	71	50.0	74	162	89.0	2.0	40.0	58	114		83.0	57	58	121	177	112	112.0	109	72	84	6.0	91.0	225	20.0	16.0	49	48.0	7.0	100	254.0	76	21.0	24.0	60	98	1.0	104.0	1.0	31	157.0	8.0	90	91		178.0	78	177	11.0	2.0	156	145.0	187.0	16.0	74.0	49.0	151	159.0	29	48	82.0	30.0	112	29.0	103	115.0	304.0	125		11.0	188.0	247.0	122.0	145.0	57.0	44.0	20.0	11.0	135		20	66	94	108	13.0	36.0	119	15.0	3.0	152	104	151	301.0	81.0	115.0	88.0	7.0	134.0	35	89	194	233.0	73	186	27	48	36	123.0	143	25	112.0	13	4.0	178.0	6.0	137.0	184	100	119.0	133	293.0	183.0	66	191.0	11	17	2.0	208.0	59	128	192	53	50.0	172	64.0	42.0	1.0	142.0	118.0	14.0	229.0	73	79.0	192	151	5	100	67	69	95.0	65.0	20	154	128	121	43	180	73.0	175	11.0	108	73	134	63	50	192.0	50	11.0	53	10.0	36	162	150	30	34.0	16	174	188	38.0	7	93.0	187.0	23.0	2.0	94.0	56.0	160.0	1.0	154	62.0	42.0	74	289	93	41	64.0	68	24	139	116	94	29.0	25	52	12.0	57.0	161.0	7.0	80	4.0	44.0	121.0	159.0	75	222.0	183	8.0	69	166	113	197.0	100	151	208.0	50.0	48	155	65		169	126	4.0	49.0	158.0	144	2.0	49	77	127.0	76	126	210	104	143	153	159.0	39.0	189	72.0	76.0	34.0	86.0	3.0	181	82	181	68.0	153.0	46.0	68.0	21	176	71	69	71	48	184	119	3.0	180.0	143	67	114	234.0	3.0	92	59.0	5.0	89.0	10.0	77	1.0	77.0	143.0	44.0	71	183.0	7	105	52.0	35	211	4.0	38.0	90	177.0	106	33.0	11.0	49.0	103.0	157	56	55	10.0	72.0	24.0	6.0	114	88.0	32.0	52.0	179	297.0	128.0	20	126	37	102	81	100	163	81.0	38.0	47.0	87.0
2018-12-17 20:00:00	26	63	122	97	145.0	126.0	162.0	50	482	1.0	158		116	91	18.0	104	68	18.0	79.0	136	124.0	275.0	93	176	121	84.0	65	113.0	128.0	139.0	110	87.0	298	41	110	17.0	7	6.0	13.0	92	108	115	229	27	77.0	36.0	127.0	145	106	1.0	61.0	127	80.0	121.0	25	162	71	117	24.0	156.0	91	82.0	177	54.0	55.0	275.0	144	88	11.0	80.0	38	180	56	146	81	72.0	41	112	68	40	205.0	98	273.0	19.0	95.0	183.0	39.0	99	16	170	36	81	105	54	257	115	63	267	55	104	29	146.0	153.0	16	64	146.0	138	7.0	531.0	42	54.0	189.0	75.0	5.0	94.0	141.0	36	1.0	115	142.0	74	123	87	5.0	14.0	159	31.0	109	72	145	57	58	128	184	121.0	183	383	39	68.0	140.0	95.0	177	53		38.0	105	6	26	33.0	47.0	25.0	154	149.0	79	78.0	11.0	1.0	86	183	116	222	146	138	88	110.0	62	231		123.0	3.0	5.0	17	83	118	256	230.0	116	162.0	112.0	189	123	53	141	34.0	40	250	213	81	78	168	127	41.0	358	89	3.0	135.0	84	61	78.0	80	139	18.0		111	80	59	73.0	71.0	66.0	83.0	110	33.0	122	168	30.0	39.0	35	209	168	117	127	68.0	46.0	147	62	427.0	61	152.0	149	98	110	25	73.0	190.0	176	140.0	28.0	131	171.0	87.0	65.0	31	36	124.0	200.0	108	208.0	119.0	136	52	284	8.0	3.0	2.0	120	103	96	64	185.0	192.0	129.0	12	45.0	74.0	26.0	138.0	20.0	61	18	35.0	146	106	46	69	94	75	52.0	236	61	7.0	22.0	171	162.0	221.0	24.0	199.0	193	141	55	82.0	58	115	77	49.0	90.0	2.0	125	28	50.0	4.0	120	78	82	59	28	68	58	197	223.0	120	227.0	76	51	257	58	151.0	5.0	61.0	150	195.0	1.0	140.0	49	42	81.0	83.0	232	64.0	136.0	43	169	152.0	26	5.0	144.0	51	611.0	197	39	160	57	25.0	9.0	174	116	15.0	246	50.0	48.0	141.0	90	84.0	38.0	25.0	151	73.0	111	44	20.0	178.0	1	98	111	80	54.0	134	173	152.0	2.0	32.0	62	115	1.0	99.0	95	73	93	220	83	73.0	127	87	128	9.0	85.0	147	38.0	16.0	74	29.0	9.0	99	317.0	98	9.0	24.0	47	85	2.0	135.0	1.0	26	140.0	6.0	99	108	7.0	180.0	89	156	10.0		162	137.0	185.0	28.0	42.0	113.0	121	112.0	43	23	111.0	33.0	158	30.0	105	137.0	236.0	138		23.0	136.0	72.0	195.0	238.0	52.0	74.0	29.0	22.0	120		23	39	136	102	10.0	29.0	119	14.0	8.0	132	111	181	365.0	133.0	143.0	66.0	11.0	141.0	71	89	177	296.0	78	128	45	42	28	156.0	207	30	91.0	36	6.0	160.0	5.0	53.0	143	302	55.0	152	268.0	334.0	72	200.0	26	18	3.0	273.0	74	104	199	76	46.0	182	68.0	57.0	1.0	104.0	132.0	29.0	310.0	58	86.0	151	128	5	88	175	84	166.0	82.0	11	205	236	164	33	186	79.0	183	12.0	93	55	183	51	67	357.0	58	21.0	50	12.0	34	233	137	28	34.0	20	153	172	46.0	10	144.0	208.0	32.0	6.0	132.0	75.0	126.0		149	40.0	66.0	112	219	109	44	92.0	50	42	124	185	120	18.0	25	48	9.0	43.0	135.0	30.0	107	7.0	46.0	115.0	147.0	157	275.0	244	9.0	54	154	136	303.0	94	173	176.0	67.0	41	121	76	1.0	254	109	13.0	62.0	209.0	135		46	100	133.0	71	108	260	90	125	144	205.0	34.0	203	122.0	51.0	114.0	312.0	16.0	118	99	132	93.0	169.0	57.0	210.0	27	166	75	70	115	38	175	159	1.0	260.0	136	63	110	151.0		75	64.0	2.0	97.0	12.0	35	7.0	67.0	174.0	27.0	75	167.0	17	159	68.0	38	213	11.0	27.0	68	279.0	145	37.0	9.0	57.0	93.0	173	73	72	10.0	181.0	25.0	2.0	122	111.0	54.0	45.0	139	267.0	138.0	61	124	55	85	50	79	186	47.0	41.0	221.0	64.0
2018-12-17 21:00:00	27	124	147	105	252.0	84.0	231.0	41	526	4.0	209	4.0	140	59	31.0	148	115	13.0	81.0	105	142.0	214.0	100	129	118	113.0	149	117.0	127.0	114.0	108	60.0	127	23	70	17.0	10		19.0	99	205	89	244	27	81.0	46.0	145.0	223	101	6.0	60.0	149	56.0	125.0	11	198	71	101	44.0	159.0	101	108.0	226	41.0	86.0	250.0	182	94	15.0	71.0	82	290	69	132	72	69.0	66	161	40	39	116.0	170	354.0	25.0	8.0	171.0	27.0	88	21	201	32	147	101	60	263	153	123	110	59	91	48	147.0	147.0	10	86	426.0	209	11.0	838.0	62	60.0	241.0	89.0	2.0	100.0	136.0	48	3.0	111	227.0	61	149	88	13.0	6.0	168	41.0	101	29	173	38	59	140	177	82.0	231	413	32	85.0	117.0	112.0	246	22		21.0	102	13	20	27.0	41.0	17.0	129	104.0	74	94.0	12.0		110	150	305	202	176	164	103	178.0	39	201	3.0	148.0	8.0	3.0	8	96	130	247	240.0	64	153.0	71.0	200	128	85	142	36.0	49	189	199	118	80	151	161	160.0	418	86	1.0	104.0	107	68	69.0	153	213	25.0		140	80	39	103.0	158.0	82.0	148.0	144	30.0	134	174	31.0	11.0	33	214	59	140	151	130.0	13.0	177	89	349.0	44	124.0	115	114	99	40	290.0	121.0	147	116.0	37.0	151	262.0	89.0	70.0	30	61	64.0	245.0	115	490.0	96.0	176	63	131	7.0	5.0	1.0	131	101	105	43	202.0	158.0	160.0	15	62.0	111.0	30.0	88.0	61.0	55	38	18.0	189	130	76	49	109	105	100.0	186	87	24.0	16.0	193	128.0	194.0	7.0	234.0	226	198	25	113.0	55	122	82	37.0	115.0		145	40	47.0	4.0	160	75	79	56	14	71	91	163	110.0	103	217.0	61	59	193	76	174.0	10.0	61.0	117	169.0	1.0	161.0	90	65	91.0	70.0	233	55.0	134.0	63	67	21.0	50	9.0	128.0	58	498.0	160	47	214	60	9.0	9.0	200	124	39.0	273	57.0	29.0	158.0	80	44.0	39.0	17.0	130	64.0	158	40	23.0	167.0	8	114	145	80	114.0	122	180	110.0	1.0	43.0	69	111	1.0	141.0	85	94	142	345	151	82.0	118	101	120	14.0	49.0	197	26.0	19.0	59	13.0	15.0	106	211.0	106	32.0	28.0	61	134	2.0	162.0		28	173.0	1.0	143	128	4.0	194.0	110	166	15.0	1.0	172	141.0	211.0	14.0	47.0	92.0	118	116.0	21	16	86.0	33.0	217	37.0	96	149.0	18.0	164		27.0	85.0	5.0	245.0	198.0	87.0	65.0	23.0	15.0	99		43	38	108	84	13.0	64.0	168	16.0	9.0	97	142	129	398.0	266.0	166.0	59.0	7.0	138.0	60	57	168	189.0	95	176	28	76	28	136.0	218	20	101.0	35	2.0	179.0	2.0	6.0	118	238	89.0	136	235.0	238.0	61	146.0	12	15	2.0	228.0	108	79	153	52	38.0	196	61.0	53.0	5.0	136.0	210.0	22.0	335.0	51	106.0	185	163	3	118	141	104	126.0	79.0	28	220	178	108	33	146	59.0	178	32.0	135	53	153	113	77	493.0	83	21.0	51	8.0	32	300	144	51	30.0	10	148	166	53.0	14	179.0	233.0	53.0		104.0	98.0	83.0		177	81.0	64.0	93	232	148	65	80.0	55	31	147	182	102	28.0	43	49	11.0	53.0	123.0	35.0	86	1.0	17.0	139.0	155.0	236	267.0	216	7.0	47	229	93	240.0	71	155	217.0	89.0	41	105	131	2.0	214	167	30.0	54.0	171.0	120		76	122	151.0	70	56	276	72	197	179	227.0	31.0	214	62.0	34.0	52.0	166.0	15.0	207	68	135	117.0	231.0	49.0	331.0	36	150	142	103	119	48	200	185	2.0	307.0	152	63	117	98.0	9.0	83	64.0	15.0	72.0	12.0	54	9.0	60.0	157.0	77.0	122	190.0	9	235	54.0	59	215	13.0	37.0	64	233.0	152	55.0	16.0	41.0	73.0	119	38	104	6.0	172.0	35.0	2.0	139	66.0	41.0	46.0	116	144.0	179.0	31	95	90	69	78	71	208	29.0	61.0	99.0	93.0
2018-12-17 22:00:00	37	113	197	133	157.0	76.0	272.0	132	253	1.0	123	1.0	113	110	14.0	117	135	5.0	81.0	78	87.0	183.0	148	82	192	111.0	160	60.0	216.0	64.0	68	48.0	126	21	78	16.0	9		21.0	91	164	47	132	14	89.0	36.0	152.0	210	180	12.0	103.0	116	45.0	110.0	6	257	86	125	40.0	161.0	80	94.0	240	21.0	264.0	40.0	198	91	19.0	25.0	47	160	113	118	80	38.0	86	108	44	52	30.0	165	258.0	13.0	8.0	136.0	6.0	68	30	215	26	87	106	40	224	132	168	29	76	111	48	161.0	101.0	35	104	133.0	306	5.0	210.0	40	68.0	179.0	111.0	10.0	111.0	105.0	37	3.0	95	153.0	81	163	105	9.0	10.0	152	32.0	88	19	178	23	42	166	242	20.0	265	186	42	74.0	66.0	86.0	202	38		8.0	68	10	12	22.0	59.0	27.0	140	86.0	72	132.0	10.0		49	110	232	177	227	82	92	115.0	45	220	6.0	180.0	13.0	2.0	19	86	125	271	336.0	39	122.0	21.0	174	180	68	166	41.0	14	132	145	93	115	73	228	295.0	379	136		69.0	151	101	67.0	126	137	32.0		160	100	21	105.0	61.0	62.0	127.0	182	51.0	124	211	23.0	3.0	33	283	16	186	94	248.0	10.0	228	88	241.0	62	148.0	135	66	46	48	5.0	148.0	83	137.0	29.0	86	161.0	80.0	59.0	37	10	48.0	120.0	115	166.0	39.0	97	71	44	9.0		1.0	155	117	42	63	129.0	174.0	155.0	17	76.0	98.0	38.0	26.0	80.0	77	25	41.0	244	161	43	62	93	68	75.0	172	99	13.0	21.0	135	150.0	158.0	8.0	202.0	149	186	18	137.0	52	129	108	25.0	89.0	2.0	178	46	37.0		152	44	72	98	32	58	138	132	51.0	58	209.0	71	49	85	66	228.0	9.0	28.0	103	211.0		123.0	65	34	50.0	34.0	217	56.0	151.0	113	27	6.0	57	1.0	50.0	63	214.0	169	38	165	70	2.0	3.0	186	136	6.0	255	62.0	30.0	186.0	27	26.0	16.0	7.0	157	52.0	195	41	14.0	153.0	25	106	99	94	212.0	107	138	182.0		58.0	74	145	5.0	133.0	85	134	97	303	167	78.0	90	151	125	8.0	21.0	136	31.0	7.0	80		9.0	83	192.0	84	19.0	22.0	74	114	4.0	176.0		46	173.0	3.0	118	147	3.0	197.0	76	190	4.0	5.0	200	104.0	99.0	7.0	55.0	67.0	146	90.0	18	12	95.0	45.0	175	19.0	113	91.0	98.0	164		32.0	68.0	5.0	308.0	169.0	85.0	69.0	28.0	12.0	90	1.0	44	50	142	50	15.0	51.0	180	19.0	4.0	93	136	145	245.0	195.0	151.0	46.0	5.0	127.0	70	61	215	31.0	76	124	59	60	28	136.0	186	18	161.0	49	10.0	138.0	4.0		87	162	114.0	147	210.0	198.0	87	168.0	18	9	6.0	225.0	73	59	61	73	34.0	86	55.0	55.0	2.0	57.0	151.0	21.0	185.0	68	111.0	155	161	8	165	93	107	44.0	65.0	23	219	96	62	19	137	68.0	125	33.0	100	94	158	123	123	368.0	87	20.0	52	2.0	27	193	152	83	22.0	23	112	137	45.0	9	150.0	267.0	58.0		142.0	66.0	83.0		139	63.0	70.0	90	140	183	50	86.0	68	43	122	144	89	43.0	53	56	9.0	135.0	50.0	23.0	114	3.0	29.0	135.0	175.0	209	270.0	234	13.0	12	101	159	64.0	60	199	183.0	65.0	63	207	135	2.0	191	149	17.0	65.0	128.0	155		73	121	145.0	49	68	297	89	201	109	194.0	35.0	285	112.0	4.0	48.0	134.0	4.0	196	78	48	130.0	203.0	53.0	213.0	44	152	99	81	95	43	212	180		168.0	125	80	119	97.0	6.0	168	92.0	22.0	109.0	1.0	32	12.0	28.0	169.0	53.0	138	129.0	18	274	57.0	40	213	9.0	30.0	58	57.0	197	79.0	19.0	57.0	44.0	111	16	108	4.0	161.0	52.0	2.0	171	41.0	10.0	41.0	119	36.0	97.0	26	86	85	57	62	88	223	10.0	28.0	30.0	94.0
2018-12-17 23:00:00	35	120	174	182	138.0	39.0	199.0	144	78		84	2.0	128	93	14.0	88	121	14.0	52.0	76	78.0	93.0	79	43	201	117.0	123	57.0	175.0	57.0	102	43.0	101	32	99	4.0	14		9.0	105	125	49	61	23	61.0	29.0	144.0	78	139	10.0	111.0	86	17.0	49.0	4	283	88	124	36.0	91.0	98	79.0	172	10.0	348.0	13.0	184	125	10.0	19.0	50	106	80	68	96	31.0	97	46	25	49	13.0	83	106.0	6.0		117.0	3.0	102	15	154	11	92	93	13	103	122	152	11	65	182	55	122.0	69.0	20	65	24.0	213	4.0	56.0	21	69.0	55.0	61.0	10.0	68.0	104.0	53	4.0	83	85.0	87	189	90	9.0	2.0	164	21.0	104	2	51	24	53	176	184	1.0	255	30	48	98.0	16.0	17.0	160	46		23.0	56	16	127	11.0	19.0	35.0	123	31.0	72	131.0	8.0		12	38	98	144	174	50	81	52.0	21	211	2.0	124.0	10.0	4.0	21	84	66	137	93.0	18	149.0		88	169	74	189	41.0	12	104	93	78	116	45	74	357.0	201	109	1.0	28.0	149	96	42.0	128	60	36.0		158	82	4	84.0	42.0	66.0	136.0	194	21.0	56	144	16.0		32	183	7	168	51	101.0	3.0	150	116	130.0	23	127.0	65	57	13	26		37.0	36	105.0	42.0	84	40.0	40.0	61.0	24	23	27.0	28.0	99	62.0	26.0	118	65	39	30.0	4.0	1.0	150	107	13	62	57.0	242.0	156.0	12	28.0	58.0	37.0	13.0	39.0	44	18	22.0	137	179	44	64	86	34	81.0	191	150	10.0	9.0	148	145.0	110.0		234.0	62	139	6	136.0	72	141	114	12.0	70.0	1.0	197	23	28.0	3.0	151	78	73	37	21	53	187	121	70.0	32	83.0	96	56	64	96	73.0	9.0	7.0	64	239.0		39.0	72	31	39.0	11.0	195	43.0	157.0	131	9	5.0	61	4.0	20.0	46	115.0	115	22	181	15		5.0	143	116	3.0	161	43.0	17.0	72.0	11	34.0	9.0	12.0	175	54.0	211	37	26.0	113.0	37	138	133	90	279.0	107	239	149.0	1.0	33.0	49	144	1.0	84.0	72	123	85	149	152	62.0	56	136	214	5.0	10.0	70	18.0	4.0	52		11.0	46	180.0	88	40.0	2.0	44	92	4.0	188.0	3.0	71	148.0	5.0	70	104	5.0	167.0	99	145	1.0	3.0	295	110.0	33.0	11.0	27.0	12.0	146	99.0	5	9	58.0	69.0	109	6.0	123	28.0	25.0	171		30.0	26.0		96.0	90.0	68.0	60.0	35.0		54		31	49	123	29	36.0	55.0	204	20.0	2.0	47	42	123	86.0	196.0	115.0	32.0	6.0	218.0	93	59	148	1.0	66	107	78	71	34	144.0	122	48	185.0	39	3.0	97.0			42	89	99.0	187	99.0	78.0	102	171.0	21	16	3.0	205.0	63	45	65	74	21.0	29	63.0	39.0	10.0	37.0	136.0	2.0	43.0	37	79.0	161	108	3	178	57	105	9.0	63.0	24	124	38	8	26	160	49.0	63	16.0	79	114	232	68	154	175.0	96	16.0	57	1.0	16	93	178	67	4.0	9	77	60	17.0	26	132.0	197.0	27.0		117.0	31.0	204.0		96	39.0	84.0	100	97	126	52	108.0	75	35	107	168	55	60.0	49	54	2.0	105.0	6.0	49.0	125	2.0	18.0	90.0	136.0	136	200.0	110	9.0	13	89	123	4.0	42	114	96.0	58.0	51	144	81		178	93	19.0	137.0	51.0	130		64	110	166.0	35	62	249	84	134	87	87.0	9.0	82	107.0		42.0	116.0	8.0	54	124	37	145.0	218.0	62.0	382.0	40	200	203	43	124	47	183	190	2.0	79.0	126	89	100	84.0	4.0	119	41.0	16.0	84.0	1.0	23	5.0	2.0	78.0	57.0	114	113.0	32	319	57.0	31	104	7.0	9.0	53	8.0	157	63.0	11.0	40.0	46.0	62	18	94		69.0	40.0	1.0	118	28.0	2.0	36.0	115	5.0	30.0	26	54	92	34	99	91	162	15.0	25.0	1.0	61.0
